time_hrs,T_engine_F,T_cw_F,delta_F
0.0833,75.0000,75.0020,-0.00200
0.1667,75.0000,75.0020,-0.00200
0.2500,75.0000,75.0020,-0.00200
0.3333,75.0000,75.0020,-0.00200
0.4167,75.0000,75.0020,-0.00200
0.5000,75.0000,75.0020,-0.00200
0.5833,75.0000,75.0020,-0.00200
0.6667,75.0000,75.0020,-0.00200
0.7500,75.0000,75.0020,-0.00200
0.8333,75.0000,75.0020,-0.00200
0.9167,75.0000,75.0020,-0.00200
1.0000,75.0000,75.0020,-0.00200
1.0833,75.0000,75.0020,-0.00200
1.1667,75.0000,75.0020,-0.00200
1.2500,75.0000,75.0020,-0.00199
1.3333,75.0000,75.0020,-0.00197
1.4167,75.0001,75.0020,-0.00195
1.5000,75.0001,75.0020,-0.00189
1.5833,75.0002,75.0020,-0.00180
1.6667,75.0004,75.0020,-0.00164
1.7500,75.0006,75.0020,-0.00140
1.8333,75.0010,75.0020,-0.00105
1.9167,75.0015,75.0020,-0.00053
2.0000,75.0022,75.0020,0.00019
2.0833,75.0032,75.0020,0.00117
2.1667,75.0045,75.0020,0.00247
2.2500,75.0062,75.0020,0.00415
2.3333,75.0083,75.0020,0.00629
2.4167,75.0110,75.0020,0.00896
2.5000,75.0142,75.0200,-0.00577
2.5833,75.0182,75.0200,-0.00180
2.6667,75.0229,75.0200,0.00295
2.7500,75.0285,75.0200,0.00855
2.8333,75.0351,75.0380,-0.00290
2.9167,75.0427,75.0380,0.00468
3.0000,75.0514,75.0560,-0.00462
3.0833,75.0613,75.0560,0.00526
3.1667,75.0724,75.0740,-0.00156
3.2500,75.0850,75.0740,0.01096
3.3333,75.0989,75.0920,0.00690
3.4167,75.1144,75.1100,0.00436
3.5000,75.1314,75.1280,0.00337
3.5833,75.1500,75.1460,0.00400
3.6667,75.1703,75.1640,0.00635
3.7500,75.1924,75.1820,0.01041
3.8333,75.2163,75.2180,-0.00174
3.9167,75.2420,75.2360,0.00597
4.0000,75.2695,75.2540,0.01554
4.0833,75.2990,75.2900,0.00903
4.1667,75.3305,75.3260,0.00450
4.2500,75.3639,75.3620,0.00192
4.3333,75.3993,75.3980,0.00134
4.4167,75.4368,75.4340,0.00284
4.5000,75.4763,75.4700,0.00635
4.5833,75.5179,75.5060,0.01192
4.6667,75.5616,75.5600,0.00161
4.7500,75.6073,75.5960,0.01135
4.8333,75.6552,75.6500,0.00518
4.9167,75.7052,75.6860,0.01916
5.0000,75.7572,75.7400,0.01718
5.0833,75.8113,75.7940,0.01730
5.1667,75.8676,75.8480,0.01958
5.2500,75.9259,75.9200,0.00588
5.3333,75.9863,75.9740,0.01226
5.4167,76.0488,76.0460,0.00279
5.5000,76.1133,76.1000,0.01330
5.5833,76.1799,76.1720,0.00786
5.6667,76.2485,76.2440,0.00453
5.7500,76.3191,76.3160,0.00313
5.8333,76.3917,76.3880,0.00374
5.9167,76.4664,76.4600,0.00641
6.0000,76.5430,76.5320,0.01096
6.0833,76.6214,76.6040,0.01745
6.1667,76.7020,76.6940,0.00796
6.2500,76.7843,76.7840,0.00027
6.3333,76.8685,76.8560,0.01245
6.4167,76.9546,76.9460,0.00860
6.5000,77.0425,77.0360,0.00647
6.5833,77.1322,77.1260,0.00615
6.6667,77.2237,77.2160,0.00773
6.7500,77.3169,77.3060,0.01095
6.8333,77.4119,77.4140,-0.00210
6.9167,77.5087,77.5040,0.00468
7.0000,77.6070,77.5940,0.01302
7.0833,77.7070,77.7020,0.00502
7.1667,77.8088,77.8100,-0.00123
7.2500,77.9120,77.9180,-0.00600
7.3333,78.0168,78.0080,0.00881
7.4167,78.1233,78.1160,0.00730
7.5000,78.2312,78.2240,0.00719
7.5833,78.3406,78.3320,0.00858
7.6667,78.4516,78.4580,-0.00642
7.7500,78.5639,78.5660,-0.00211
7.8333,78.6776,78.6740,0.00362
7.9167,78.7929,78.8000,-0.00711
8.0000,78.9094,78.9080,0.00139
8.0833,79.0272,79.0340,-0.00676
8.1667,79.1466,79.1600,-0.01345
8.2500,79.2670,79.2680,-0.00098
8.3333,79.3888,79.3940,-0.00525
8.4167,79.5119,79.5200,-0.00812
8.5000,79.6361,79.6460,-0.00992
8.5833,79.7615,79.7720,-0.01052
8.6667,79.8882,79.8980,-0.00979
8.7500,80.0159,80.0240,-0.00807
8.8333,80.1448,80.1680,-0.02323
8.9167,80.2749,80.2940,-0.01912
9.0000,80.4059,80.4200,-0.01410
9.0833,80.5380,80.5640,-0.02602
9.1667,80.6713,80.6900,-0.01874
9.2500,80.8054,80.8340,-0.02862
9.3333,80.9405,80.9600,-0.01950
9.4167,81.0767,81.1040,-0.02726
9.5000,81.2138,81.2300,-0.01623
9.5833,81.3517,81.3740,-0.02228
9.6667,81.4907,81.5180,-0.02726
9.7500,81.6305,81.6620,-0.03153
9.8333,81.7711,81.8060,-0.03494
9.9167,81.9127,81.9500,-0.03733
10.0000,82.0549,82.0940,-0.03908
10.0833,82.1980,82.2380,-0.04002
10.1667,82.3420,82.3820,-0.04001
10.2500,82.4866,82.5260,-0.03942
10.3333,82.6319,82.6700,-0.03808
10.4167,82.7782,82.8140,-0.03584
10.5000,82.9249,82.9580,-0.03307
10.5833,83.0724,83.1200,-0.04762
10.6667,83.2207,83.2640,-0.04332
10.7500,83.3695,83.4080,-0.03854
10.8333,83.5189,83.5700,-0.05114
10.9167,83.6691,83.7140,-0.04494
11.0000,83.8197,83.8760,-0.05632
11.0833,83.9709,84.0200,-0.04912
11.1667,84.1228,84.1820,-0.05917
11.2500,84.2751,84.3260,-0.05086
11.3333,84.4280,84.4880,-0.06001
11.4167,84.5815,84.6500,-0.06847
11.5000,84.7354,84.7940,-0.05861
11.5833,84.8897,84.9560,-0.06626
11.6667,85.0447,85.1180,-0.07326
11.7500,85.2000,85.2620,-0.06199
11.8333,85.3557,85.4240,-0.06828
11.9167,85.5120,85.5860,-0.07397
12.0000,85.6686,85.7480,-0.07942
12.0833,85.8255,85.8920,-0.06649
12.1667,85.9830,86.0540,-0.07098
12.2500,86.1407,86.2160,-0.07529
12.3333,86.2987,86.3780,-0.07925
12.4167,86.4573,86.5400,-0.08268
12.5000,86.6160,86.7020,-0.08597
12.5833,86.7750,86.8640,-0.08895
12.6667,86.9346,87.0260,-0.09144
12.7500,87.0942,87.1880,-0.09383
12.8333,87.2541,87.3500,-0.09594
12.9167,87.4144,87.5120,-0.09760
13.0000,87.5748,87.6740,-0.09920
13.0833,87.7354,87.8360,-0.10056
13.1667,87.8965,87.9980,-0.10150
13.2500,88.0576,88.1600,-0.10242
13.3333,88.2189,88.3220,-0.10313
13.4167,88.3805,88.4840,-0.10346
13.5000,88.5422,88.6460,-0.10380
13.5833,88.7040,88.8080,-0.10397
13.6667,88.8662,88.9700,-0.10379
13.7500,89.0284,89.1500,-0.12165
13.8333,89.1906,89.3120,-0.12137
13.9167,89.3532,89.4740,-0.12077
14.0000,89.5158,89.6360,-0.12024
14.0833,89.6784,89.7980,-0.11961
14.1667,89.8413,89.9600,-0.11869
14.2500,90.0041,90.1220,-0.11787
14.3333,90.1670,90.3020,-0.13498
14.4167,90.3302,90.4640,-0.13382
14.5000,90.4932,90.6260,-0.13279
14.5833,90.6563,90.7880,-0.13172
14.6667,90.8196,90.9500,-0.13041
14.7500,90.9827,91.1300,-0.14726
14.8333,91.1459,91.2920,-0.14609
14.9167,91.3093,91.4540,-0.14471
15.0000,91.4725,91.6160,-0.14351
15.0833,91.6357,91.7780,-0.14232
15.1667,91.7991,91.9400,-0.14094
15.2500,91.9622,92.1200,-0.15778
15.3333,92.1254,92.2820,-0.15665
15.4167,92.2887,92.4440,-0.15535
15.5000,92.4517,92.6060,-0.15429
15.5833,92.6147,92.7680,-0.15328
15.6667,92.7779,92.9480,-0.17013
15.7500,92.9408,93.1100,-0.16924
15.8333,93.1036,93.2720,-0.16842
15.9167,93.2665,93.4340,-0.16749
16.0000,93.4292,93.5960,-0.16684
16.0833,93.5917,93.7580,-0.16628
16.1667,93.7544,93.9380,-0.18363
16.2500,93.9167,94.1000,-0.18328
16.3333,94.0790,94.2620,-0.18304
16.4167,94.2413,94.4240,-0.18273
16.5000,94.4033,94.5860,-0.18273
16.5833,94.5651,94.7480,-0.18287
16.6667,94.7270,94.9100,-0.18296
16.7500,94.8886,95.0720,-0.18338
16.8333,95.0500,95.2340,-0.18396
16.9167,95.2115,95.4140,-0.20249
17.0000,95.3726,95.5760,-0.20339
17.0833,95.5336,95.7380,-0.20445
17.1667,95.6945,95.9000,-0.20549
17.2500,95.8551,96.0620,-0.20690
17.3333,96.0155,96.2240,-0.20850
17.4167,96.1759,96.3860,-0.21010
17.5000,96.3359,96.5480,-0.21208
17.5833,96.4957,96.7100,-0.21427
17.6667,96.6555,96.8720,-0.21647
17.7500,96.8149,97.0340,-0.21907
17.8333,96.9741,97.1960,-0.22188
17.9167,97.1333,97.3580,-0.22473
18.0000,97.2920,97.5200,-0.22799
18.0833,97.4505,97.6820,-0.23148
18.1667,97.6090,97.8440,-0.23501
18.2500,97.7670,97.9880,-0.22097
18.3333,97.9248,98.1500,-0.22517
18.4167,98.0826,98.3120,-0.22944
18.5000,98.2399,98.4740,-0.23414
18.5833,98.3969,98.6360,-0.23910
18.6667,98.5539,98.7980,-0.24412
18.7500,98.7104,98.9600,-0.24960
18.8333,98.8666,99.1040,-0.23735
18.9167,99.0228,99.2660,-0.24318
19.0000,99.1785,99.4280,-0.24947
19.0833,99.3340,99.5900,-0.25605
19.1667,99.4893,99.7340,-0.24471
19.2500,99.6441,99.8960,-0.25185
19.3333,99.7987,100.0580,-0.25928
19.4167,99.9532,100.2020,-0.24881
19.5000,100.1072,100.3640,-0.25683
19.5833,100.2609,100.5260,-0.26514
19.6667,100.4144,100.6700,-0.25558
19.7500,100.5675,100.8320,-0.26450
19.8333,100.7203,100.9940,-0.27373
19.9167,100.8729,101.1380,-0.26509
20.0000,101.0251,101.3000,-0.27494
20.0833,101.1769,101.4440,-0.26712
20.1667,101.3286,101.6060,-0.27743
20.2500,101.4798,101.7500,-0.27024
20.3333,101.6306,101.9120,-0.28138
20.4167,101.7813,102.0560,-0.27467
20.5000,101.9315,102.2180,-0.28647
20.5833,102.0814,102.3620,-0.28060
20.6667,102.2311,102.5240,-0.29289
20.7500,102.3803,102.6680,-0.28769
20.8333,102.5292,102.8120,-0.28284
20.9167,102.6779,102.9740,-0.29614
21.0000,102.8260,103.1180,-0.29198
21.0833,102.9738,103.2620,-0.28815
21.1667,103.1215,103.4240,-0.30250
21.2500,103.2686,103.5680,-0.29938
21.3333,103.4154,103.7120,-0.29661
21.4167,103.5620,103.8560,-0.29402
21.5000,103.7080,104.0180,-0.30996
21.5833,103.8537,104.1620,-0.30826
21.6667,103.9993,104.3060,-0.30675
21.7500,104.1442,104.4500,-0.30577
21.8333,104.2888,104.5940,-0.30515
21.9167,104.4333,104.7380,-0.30473
22.0000,104.5772,104.9000,-0.32285
22.0833,104.7207,105.0440,-0.32333
22.1667,104.8640,105.1880,-0.32402
22.2500,105.0068,105.3320,-0.32524
22.3333,105.1492,105.4760,-0.32684
22.4167,105.2914,105.6200,-0.32865
22.5000,105.4330,105.7640,-0.33100
22.5833,105.5743,105.9080,-0.33372
22.6667,105.7153,106.0340,-0.31866
22.7500,105.8559,106.1780,-0.32214
22.8333,105.9960,106.3220,-0.32600
22.9167,106.1359,106.4660,-0.33008
23.0000,106.2753,106.6100,-0.33471
23.0833,106.4143,106.7540,-0.33972
23.1667,106.5531,106.8980,-0.34495
23.2500,106.6913,107.0240,-0.33273
23.3333,106.8291,107.1680,-0.33889
23.4167,106.9667,107.3120,-0.34528
23.5000,107.1038,107.4380,-0.33422
23.5833,107.2404,107.5820,-0.34155
23.6667,107.3769,107.7260,-0.34911
23.7500,107.5128,107.8520,-0.33922
23.8333,107.6483,107.9960,-0.34772
23.9167,107.7835,108.1400,-0.35645
24.0000,107.9183,108.2660,-0.34774
24.0833,108.0526,108.4100,-0.35741
24.1667,108.1867,108.5360,-0.34932
24.2500,108.3202,108.6800,-0.35979
24.3333,108.4534,108.8060,-0.35265
24.4167,108.5863,108.9500,-0.36374
24.5000,108.7186,109.0760,-0.35739
24.5833,108.8506,109.2200,-0.36944
24.6667,108.9823,109.3460,-0.36372
24.7500,109.1134,109.4720,-0.35856
24.8333,109.2442,109.6160,-0.37179
24.9167,109.3747,109.7420,-0.36726
25.0000,109.5047,109.8680,-0.36329
25.0833,109.6343,109.9940,-0.35972
25.1667,109.7636,110.1380,-0.37438
25.2500,109.8924,110.2640,-0.37160
25.3333,110.0208,110.3900,-0.36922
25.4167,110.1489,110.5160,-0.36708
25.5000,110.2765,110.6420,-0.36550
25.5833,110.4037,110.7860,-0.38231
25.6667,110.5306,110.9120,-0.38136
25.7500,110.6570,111.0380,-0.38097
25.8333,110.7830,111.1640,-0.38098
25.9167,110.9088,111.2900,-0.38123
26.0000,111.0340,111.4160,-0.38203
26.0833,111.1588,111.5420,-0.38323
26.1667,111.2833,111.6680,-0.38468
26.2500,111.4073,111.7940,-0.38667
26.3333,111.5309,111.9200,-0.38906
26.4167,111.6543,112.0460,-0.39170
26.5000,111.7771,112.1720,-0.39489
26.5833,111.8995,112.2800,-0.38047
26.6667,112.0217,112.4060,-0.38430
26.7500,112.1433,112.5320,-0.38868
26.8333,112.2646,112.6580,-0.39345
26.9167,112.3855,112.7840,-0.39847
27.0000,112.5060,112.8920,-0.38603
27.0833,112.6260,113.0180,-0.39199
27.1667,112.7458,113.1440,-0.39820
27.2500,112.8651,113.2520,-0.38694
27.3333,112.9839,113.3780,-0.39408
27.4167,113.1025,113.5040,-0.40147
27.5000,113.2206,113.6120,-0.39140
27.5833,113.3383,113.7380,-0.39972
27.6667,113.4557,113.8460,-0.39029
27.7500,113.5726,113.9720,-0.39939
27.8333,113.6891,114.0980,-0.40888
27.9167,113.8054,114.2060,-0.40062
28.0000,113.9211,114.3320,-0.41090
28.0833,114.0364,114.4400,-0.40356
28.1667,114.1515,114.5480,-0.39647
28.2500,114.2661,114.6740,-0.40791
28.3333,114.3803,114.7820,-0.40174
28.4167,114.4942,114.9080,-0.41382
28.5000,114.6076,115.0160,-0.40842
28.5833,114.7206,115.1240,-0.40340
28.6667,114.8334,115.2320,-0.39864
28.7500,114.9456,115.3580,-0.41240
28.8333,115.0575,115.4660,-0.40853
28.9167,115.1691,115.5740,-0.40492
29.0000,115.2802,115.6820,-0.40183
29.0833,115.3909,115.8080,-0.41711
29.1667,115.5014,115.9160,-0.41465
29.2500,115.6113,116.0240,-0.41270
29.3333,115.7209,116.1320,-0.41112
29.4167,115.8302,116.2400,-0.40980
29.5000,115.9390,116.3480,-0.40898
29.5833,116.0475,116.4560,-0.40854
29.6667,116.1556,116.5640,-0.40835
29.7500,116.2633,116.6720,-0.40866
29.8333,116.3706,116.7800,-0.40935
29.9167,116.4777,116.8880,-0.41028
30.0000,116.5843,116.9960,-0.41172
30.0833,116.6905,117.1040,-0.41352
30.1667,116.7964,117.2120,-0.41557
30.2500,116.9019,117.3200,-0.41812
30.3333,117.0070,117.4280,-0.42104
30.4167,117.1118,117.5360,-0.42420
30.5000,117.2161,117.6440,-0.42786
30.5833,117.3201,117.7340,-0.41388
30.6667,117.4239,117.8420,-0.41814
30.7500,117.5271,117.9500,-0.42289
30.8333,117.6300,118.0580,-0.42801
30.9167,117.7326,118.1480,-0.41537
31.0000,117.8348,118.2560,-0.42121
31.0833,117.9366,118.3640,-0.42742
31.1667,118.0381,118.4540,-0.41586
31.2500,118.1392,118.5620,-0.42278
31.3333,118.2399,118.6700,-0.43007
31.4167,118.3404,118.7600,-0.41959
31.5000,118.4404,118.8680,-0.42758
31.5833,118.5401,118.9580,-0.41794
31.6667,118.6395,119.0660,-0.42653
31.7500,118.7384,119.1560,-0.41759
31.8333,118.8370,119.2640,-0.42700
31.9167,118.9353,119.3540,-0.41865
32.0000,119.0332,119.4620,-0.42877
32.0833,119.1308,119.5520,-0.42123
32.1667,119.2281,119.6600,-0.43193
32.2500,119.3249,119.7500,-0.42510
32.3333,119.4214,119.8400,-0.41861
32.4167,119.5177,119.9480,-0.43035
32.5000,119.6135,120.0380,-0.42455
32.5833,119.7089,120.1280,-0.41909
32.6667,119.8041,120.2360,-0.43186
32.7500,119.8989,120.3260,-0.42709
32.8333,119.9933,120.4160,-0.42266
32.9167,120.0875,120.5060,-0.41846
33.0000,120.1813,120.6140,-0.43271
33.0833,120.2747,120.7040,-0.42929
33.1667,120.3679,120.7940,-0.42610
33.2500,120.4606,120.8840,-0.42336
33.3333,120.5531,120.9740,-0.42095
33.4167,120.6452,121.0640,-0.41876
33.5000,120.7370,121.1720,-0.43502
33.5833,120.8284,121.2620,-0.43360
33.6667,120.9196,121.3520,-0.43241
33.7500,121.0103,121.4420,-0.43166
33.8333,121.1008,121.5320,-0.43123
33.9167,121.1910,121.6220,-0.43102
34.0000,121.2808,121.7120,-0.43125
34.0833,121.3702,121.8020,-0.43180
34.1667,121.4594,121.8920,-0.43257
34.2500,121.5482,121.9820,-0.43377
34.3333,121.6367,122.0540,-0.41728
34.4167,121.7250,122.1440,-0.41902
34.5000,121.8128,122.2340,-0.42118
34.5833,121.9003,122.3240,-0.42365
34.6667,121.9877,122.4140,-0.42634
34.7500,122.0745,122.5040,-0.42945
34.8333,122.1611,122.5940,-0.43288
34.9167,122.2475,122.6660,-0.41851
35.0000,122.3334,122.7560,-0.42256
35.0833,122.4191,122.8460,-0.42693
35.1667,122.5045,122.9360,-0.43150
35.2500,122.5895,123.0080,-0.41848
35.3333,122.6742,123.0980,-0.42377
35.4167,122.7587,123.1880,-0.42927
35.5000,122.8428,123.2600,-0.41718
35.5833,122.9266,123.3500,-0.42339
35.6667,123.0102,123.4400,-0.42980
35.7500,123.0934,123.5120,-0.41862
35.8333,123.1763,123.6020,-0.42574
35.9167,123.2589,123.6740,-0.41506
36.0000,123.3412,123.7640,-0.42278
36.0833,123.4232,123.8540,-0.43080
36.1667,123.5050,123.9260,-0.42101
36.2500,123.5864,124.0160,-0.42963
36.3333,123.6675,124.0880,-0.42054
36.4167,123.7484,124.1780,-0.42964
36.5000,123.8289,124.2500,-0.42114
36.5833,123.9091,124.3220,-0.41292
36.6667,123.9891,124.4120,-0.42291
36.7500,124.0687,124.4840,-0.41528
36.8333,124.1481,124.5740,-0.42593
36.9167,124.2272,124.6460,-0.41879
37.0000,124.3060,124.7180,-0.41202
37.0833,124.3845,124.8080,-0.42354
37.1667,124.4628,124.8800,-0.41724
37.2500,124.5407,124.9520,-0.41133
37.3333,124.6183,125.0420,-0.42370
37.4167,124.6957,125.1140,-0.41826
37.5000,124.7728,125.1860,-0.41319
37.5833,124.8496,125.2760,-0.42640
37.6667,124.9262,125.3480,-0.42179
37.7500,125.0024,125.4200,-0.41756
37.8333,125.0784,125.4920,-0.41360
37.9167,125.1542,125.5640,-0.40983
38.0000,125.2296,125.6540,-0.42442
38.0833,125.3047,125.7260,-0.42128
38.1667,125.3797,125.7980,-0.41833
38.2500,125.4543,125.8700,-0.41573
38.3333,125.5286,125.9420,-0.41341
38.4167,125.6027,126.0140,-0.41127
38.5000,125.6765,126.0860,-0.40948
38.5833,125.7500,126.1580,-0.40796
38.6667,125.8234,126.2300,-0.40661
38.7500,125.8964,126.3020,-0.40562
38.8333,125.9691,126.3740,-0.40490
38.9167,126.0417,126.4460,-0.40434
39.0000,126.1139,126.5180,-0.40414
39.0833,126.1858,126.5900,-0.40420
39.1667,126.2576,126.6620,-0.40443
39.2500,126.3290,126.7340,-0.40500
39.3333,126.4002,126.8060,-0.40584
39.4167,126.4712,126.8780,-0.40684
39.5000,126.5418,126.9500,-0.40819
39.5833,126.6122,127.0220,-0.40978
39.6667,126.6824,127.0940,-0.41155
39.7500,126.7523,127.1660,-0.41366
39.8333,126.8220,127.2380,-0.41601
39.9167,126.8915,127.2920,-0.40053
40.0000,126.9606,127.3640,-0.40339
40.0833,127.0295,127.4360,-0.40649
40.1667,127.0982,127.5080,-0.40976
40.2500,127.1666,127.5800,-0.41336
40.3333,127.2348,127.6340,-0.39920
40.4167,127.3028,127.7060,-0.40321
40.5000,127.3705,127.7780,-0.40754
40.5833,127.4379,127.8500,-0.41211
40.6667,127.5052,127.9040,-0.39884
40.7500,127.5721,127.9760,-0.40390
40.8333,127.6388,128.0480,-0.40919
40.9167,127.7054,128.1020,-0.39664
41.0000,127.7716,128.1740,-0.40241
41.0833,127.8376,128.2460,-0.40842
41.1667,127.9034,128.3000,-0.39658
41.2500,127.9689,128.3720,-0.40306
41.3333,128.0342,128.4260,-0.39177
41.4167,128.0994,128.4980,-0.39863
41.5000,128.1642,128.5700,-0.40581
41.5833,128.2288,128.6240,-0.39521
41.6667,128.2932,128.6960,-0.40277
41.7500,128.3574,128.7500,-0.39264
41.8333,128.4213,128.8220,-0.40073
41.9167,128.4850,128.8760,-0.39097
42.0000,128.5485,128.9480,-0.39952
42.0833,128.6117,129.0020,-0.39029
42.1667,128.6748,129.0740,-0.39921
42.2500,128.7376,129.1280,-0.39043
42.3333,128.8001,129.2000,-0.39987
42.4167,128.8625,129.2540,-0.39145
42.5000,128.9247,129.3080,-0.38334
42.5833,128.9866,129.3800,-0.39344
42.6667,129.0483,129.4340,-0.38569
42.7500,129.1098,129.5060,-0.39623
42.8333,129.1710,129.5600,-0.38898
42.9167,129.2321,129.6140,-0.38188
43.0000,129.2929,129.6860,-0.39307
43.0833,129.3535,129.7400,-0.38647
43.1667,129.4140,129.7940,-0.38001
43.2500,129.4742,129.8660,-0.39184
43.3333,129.5341,129.9200,-0.38588
43.4167,129.5939,129.9740,-0.38006
43.5000,129.6535,130.0460,-0.39252
43.5833,129.7128,130.1000,-0.38718
43.6667,129.7720,130.1540,-0.38199
43.7500,129.8309,130.2080,-0.37707
43.8333,129.8896,130.2620,-0.37236
43.9167,129.9482,130.3340,-0.38579
44.0000,130.0065,130.3880,-0.38149
44.0833,130.0646,130.4420,-0.37740
44.1667,130.1226,130.4960,-0.37343
44.2500,130.1803,130.5500,-0.36974
44.3333,130.2377,130.6220,-0.38425
44.4167,130.2951,130.6760,-0.38090
44.5000,130.3522,130.7300,-0.37781
44.5833,130.4091,130.7840,-0.37492
44.6667,130.4658,130.8380,-0.37216
44.7500,130.5223,130.8920,-0.36966
44.8333,130.5786,130.9460,-0.36736
44.9167,130.6348,131.0000,-0.36519
45.0000,130.6907,131.0720,-0.38128
45.0833,130.7464,131.1260,-0.37957
45.1667,130.8020,131.1800,-0.37798
45.2500,130.8573,131.2340,-0.37665
45.3333,130.9125,131.2880,-0.37551
45.4167,130.9675,131.3420,-0.37450
45.5000,131.0223,131.3960,-0.37374
45.5833,131.0768,131.4500,-0.37317
45.6667,131.1313,131.5040,-0.37273
45.7500,131.1855,131.5580,-0.37253
45.8333,131.2395,131.6120,-0.37253
45.9167,131.2934,131.6660,-0.37264
46.0000,131.3470,131.7200,-0.37300
46.0833,131.4004,131.7560,-0.35555
46.1667,131.4538,131.8100,-0.35622
46.2500,131.5069,131.8640,-0.35714
46.3333,131.5598,131.9180,-0.35823
46.4167,131.6126,131.9720,-0.35945
46.5000,131.6651,132.0260,-0.36091
46.5833,131.7175,132.0800,-0.36254
46.6667,131.7697,132.1340,-0.36430
46.7500,131.8217,132.1880,-0.36629
46.8333,131.8735,132.2240,-0.35047
46.9167,131.9252,132.2780,-0.35275
47.0000,131.9767,132.3320,-0.35528
47.0833,132.0280,132.3860,-0.35798
47.1667,132.0792,132.4400,-0.36079
47.2500,132.1302,132.4760,-0.34584
47.3333,132.1809,132.5300,-0.34906
47.4167,132.2316,132.5840,-0.35240
47.5000,132.2820,132.6380,-0.35596
47.5833,132.3323,132.6920,-0.35970
47.6667,132.3825,132.7280,-0.34554
47.7500,132.4324,132.7820,-0.34962
47.8333,132.4821,132.8360,-0.35386
47.9167,132.5318,132.8720,-0.34022
48.0000,132.5812,132.9260,-0.34480
48.0833,132.6305,132.9800,-0.34954
48.1667,132.6796,133.0340,-0.35440
48.2500,132.7285,133.0700,-0.34147
48.3333,132.7773,133.1240,-0.34671
48.4167,132.8259,133.1780,-0.35206
48.5000,132.8744,133.2140,-0.33963
48.5833,132.9226,133.2680,-0.34536
48.6667,132.9708,133.3040,-0.33320
48.7500,133.0187,133.3580,-0.33925
48.8333,133.0665,133.4120,-0.34546
48.9167,133.1142,133.4480,-0.33378
49.0000,133.1617,133.5020,-0.34031
49.0833,133.2090,133.5560,-0.34701
49.1667,133.2562,133.5920,-0.33580
49.2500,133.3032,133.6460,-0.34280
49.3333,133.3500,133.6820,-0.33197
49.4167,133.3968,133.7360,-0.33923
49.5000,133.4433,133.7720,-0.32870
49.5833,133.4897,133.8260,-0.33633
49.6667,133.5359,133.8620,-0.32605
49.7500,133.5820,133.9160,-0.33399
49.8333,133.6279,133.9520,-0.32407
49.9167,133.6737,134.0060,-0.33226
50.0000,133.7194,134.0420,-0.32265
50.0833,133.7648,134.0960,-0.33119
50.1667,133.8102,134.1320,-0.32182
50.2500,133.8553,134.1860,-0.33066
50.3333,133.9003,134.2220,-0.32165
50.4167,133.9453,134.2760,-0.33073
50.5000,133.9900,134.3120,-0.32202
50.5833,134.0346,134.3660,-0.33145
50.6667,134.0790,134.4020,-0.32297
50.7500,134.1233,134.4560,-0.33270
50.8333,134.1674,134.4920,-0.32456
50.9167,134.2115,134.5280,-0.31652
51.0000,134.2553,134.5820,-0.32668
51.0833,134.2990,134.6180,-0.31898
51.1667,134.3426,134.6720,-0.32936
51.2500,134.3861,134.7080,-0.32195
51.3333,134.4293,134.7440,-0.31467
51.4167,134.4725,134.7980,-0.32549
51.5000,134.5155,134.8340,-0.31849
51.5833,134.5584,134.8700,-0.31164
51.6667,134.6011,134.9240,-0.32287
51.7500,134.6437,134.9600,-0.31629
51.8333,134.6861,134.9960,-0.30985
51.9167,134.7285,135.0500,-0.32150
52.0000,134.7707,135.0860,-0.31533
52.0833,134.8127,135.1220,-0.30931
52.1667,134.8546,135.1580,-0.30336
52.2500,134.8964,135.2120,-0.31560
52.3333,134.9380,135.2480,-0.30998
52.4167,134.9796,135.2840,-0.30444
52.5000,135.0209,135.3380,-0.31708
52.5833,135.0621,135.3740,-0.31186
52.6667,135.1033,135.4100,-0.30672
52.7500,135.1442,135.4460,-0.30176
52.8333,135.1851,135.4820,-0.29693
52.9167,135.2258,135.5360,-0.31018
53.0000,135.2664,135.5720,-0.30561
53.0833,135.3068,135.6080,-0.30118
53.1667,135.3472,135.6440,-0.29682
53.2500,135.3874,135.6980,-0.31064
53.3333,135.4274,135.7340,-0.30658
53.4167,135.4674,135.7700,-0.30261
53.5000,135.5072,135.8060,-0.29881
53.5833,135.5469,135.8420,-0.29514
53.6667,135.5865,135.8780,-0.29154
53.7500,135.6259,135.9320,-0.30612
53.8333,135.6652,135.9680,-0.30283
53.9167,135.7044,136.0040,-0.29961
54.0000,135.7434,136.0400,-0.29656
54.0833,135.7824,136.0760,-0.29363
54.1667,135.8212,136.1120,-0.29078
54.2500,135.8599,136.1480,-0.28810
54.3333,135.8985,136.1840,-0.28555
54.4167,135.9369,136.2200,-0.28306
54.5000,135.9753,136.2740,-0.29875
54.5833,136.0134,136.3100,-0.29655
54.6667,136.0516,136.3460,-0.29443
54.7500,136.0895,136.3820,-0.29247
54.8333,136.1274,136.4180,-0.29063
54.9167,136.1651,136.4540,-0.28887
55.0000,136.2027,136.4900,-0.28727
55.0833,136.2402,136.5260,-0.28578
55.1667,136.2776,136.5620,-0.28437
55.2500,136.3149,136.5980,-0.28312
55.3333,136.3520,136.6340,-0.28198
55.4167,136.3891,136.6700,-0.28092
55.5000,136.4260,136.7060,-0.28001
55.5833,136.4628,136.7420,-0.27922
55.6667,136.4995,136.7780,-0.27850
55.7500,136.5361,136.8140,-0.27794
55.8333,136.5725,136.8500,-0.27749
55.9167,136.6089,136.8860,-0.27710
56.0000,136.6451,136.9220,-0.27688
56.0833,136.6812,136.9580,-0.27677
56.1667,136.7173,136.9940,-0.27672
56.2500,136.7532,137.0300,-0.27683
56.3333,136.7890,137.0660,-0.27705
56.4167,136.8247,137.1020,-0.27733
56.5000,136.8602,137.1380,-0.27777
56.5833,136.8957,137.1740,-0.27832
56.6667,136.9311,137.2100,-0.27893
56.7500,136.9663,137.2460,-0.27970
56.8333,137.0014,137.2640,-0.26257
56.9167,137.0365,137.3000,-0.26350
57.0000,137.0714,137.3360,-0.26459
57.0833,137.1062,137.3720,-0.26578
57.1667,137.1410,137.4080,-0.26704
57.2500,137.1756,137.4440,-0.26844
57.3333,137.2101,137.4800,-0.26995
57.4167,137.2445,137.5160,-0.27152
57.5000,137.2788,137.5520,-0.27324
57.5833,137.3129,137.5700,-0.25706
57.6667,137.3471,137.6060,-0.25895
57.7500,137.3810,137.6420,-0.26097
57.8333,137.4149,137.6780,-0.26310
57.9167,137.4487,137.7140,-0.26530
58.0000,137.4824,137.7500,-0.26763
58.0833,137.5159,137.7680,-0.25207
58.1667,137.5494,137.8040,-0.25456
58.2500,137.5828,137.8400,-0.25720
58.3333,137.6161,137.8760,-0.25994
58.4167,137.6493,137.9120,-0.26274
58.5000,137.6823,137.9300,-0.24767
58.5833,137.7153,137.9660,-0.25071
58.6667,137.7482,138.0020,-0.25380
58.7500,137.7810,138.0380,-0.25704
58.8333,137.8136,138.0740,-0.26037
58.9167,137.8462,138.0920,-0.24575
59.0000,137.8787,138.1280,-0.24928
59.0833,137.9111,138.1640,-0.25290
59.1667,137.9434,138.2000,-0.25658
59.2500,137.9756,138.2180,-0.24239
59.3333,138.0077,138.2540,-0.24630
59.4167,138.0397,138.2900,-0.25027
59.5000,138.0716,138.3260,-0.25437
59.5833,138.1034,138.3440,-0.24056
59.6667,138.1352,138.3800,-0.24481
59.7500,138.1668,138.4160,-0.24919
59.8333,138.1983,138.4520,-0.25366
59.9167,138.2298,138.4700,-0.24019
60.0000,138.2612,138.5060,-0.24485
60.0833,138.2924,138.5420,-0.24960
60.1667,138.3236,138.5600,-0.23641
60.2500,138.3547,138.5960,-0.24134
60.3333,138.3856,138.6320,-0.24637
60.4167,138.4166,138.6500,-0.23345
60.5000,138.4473,138.6860,-0.23865
60.5833,138.4781,138.7220,-0.24395
60.6667,138.5087,138.7400,-0.23130
60.7500,138.5392,138.7760,-0.23677
60.8333,138.5697,138.8120,-0.24234
60.9167,138.6000,138.8300,-0.22995
61.0000,138.6303,138.8660,-0.23570
61.0833,138.6605,138.9020,-0.24152
61.1667,138.6906,138.9200,-0.22940
61.2500,138.7206,138.9560,-0.23541
61.3333,138.7505,138.9920,-0.24150
61.4167,138.7804,139.0100,-0.22964
61.5000,138.8101,139.0460,-0.23590
61.5833,138.8397,139.0640,-0.22425
61.6667,138.8693,139.1000,-0.23065
61.7500,138.8988,139.1360,-0.23717
61.8333,138.9282,139.1540,-0.22577
61.9167,138.9576,139.1900,-0.23243
62.0000,138.9868,139.2080,-0.22120
62.0833,139.0159,139.2440,-0.22806
62.1667,139.0450,139.2620,-0.21696
62.2500,139.0740,139.2980,-0.22399
62.3333,139.1029,139.3340,-0.23109
62.4167,139.1318,139.3520,-0.22025
62.5000,139.1605,139.3880,-0.22752
62.5833,139.1891,139.4060,-0.21687
62.6667,139.2177,139.4420,-0.22428
62.7500,139.2462,139.4600,-0.21379
62.8333,139.2746,139.4960,-0.22139
62.9167,139.3030,139.5140,-0.21103
63.0000,139.3312,139.5500,-0.21879
63.0833,139.3594,139.5860,-0.22663
63.1667,139.3875,139.6040,-0.21651
63.2500,139.4155,139.6400,-0.22451
63.3333,139.4434,139.6580,-0.21459
63.4167,139.4713,139.6940,-0.22271
63.5000,139.4991,139.7120,-0.21294
63.5833,139.5267,139.7480,-0.22126
63.6667,139.5544,139.7660,-0.21161
63.7500,139.5819,139.8020,-0.22008
63.8333,139.6094,139.8200,-0.21062
63.9167,139.6368,139.8560,-0.21921
64.0000,139.6641,139.8740,-0.20991
64.0833,139.6913,139.9100,-0.21869
64.1667,139.7185,139.9280,-0.20951
64.2500,139.7456,139.9460,-0.20043
64.3333,139.7726,139.9820,-0.20944
64.4167,139.7995,140.0000,-0.20048
64.5000,139.8264,140.0360,-0.20964
64.5833,139.8531,140.0540,-0.20086
64.6667,139.8799,140.0900,-0.21013
64.7500,139.9065,140.1080,-0.20151
64.8333,139.9330,140.1440,-0.21096
64.9167,139.9595,140.1620,-0.20245
65.0000,139.9860,140.1800,-0.19405
65.0833,140.0123,140.2160,-0.20372
65.1667,140.0386,140.2340,-0.19543
65.2500,140.0648,140.2700,-0.20525
65.3333,140.0909,140.2880,-0.19713
65.4167,140.1169,140.3240,-0.20706
65.5000,140.1429,140.3420,-0.19909
65.5833,140.1688,140.3600,-0.19119
65.6667,140.1947,140.3960,-0.20134
65.7500,140.2204,140.4140,-0.19358
65.8333,140.2461,140.4500,-0.20390
65.9167,140.2717,140.4680,-0.19625
66.0000,140.2973,140.4860,-0.18871
66.0833,140.3228,140.5220,-0.19923
66.1667,140.3482,140.5400,-0.19180
66.2500,140.3735,140.5580,-0.18446
66.3333,140.3988,140.5940,-0.19519
66.4167,140.4240,140.6120,-0.18797
66.5000,140.4492,140.6480,-0.19884
66.5833,140.4742,140.6660,-0.19178
66.6667,140.4992,140.6840,-0.18475
66.7500,140.5242,140.7200,-0.19583
66.8333,140.5490,140.7380,-0.18897
66.9167,140.5739,140.7560,-0.18215
67.0000,140.5986,140.7920,-0.19342
67.0833,140.6232,140.8100,-0.18677
67.1667,140.6479,140.8280,-0.18015
67.2500,140.6724,140.8640,-0.19162
67.3333,140.6968,140.8820,-0.18516
67.4167,140.7213,140.9000,-0.17874
67.5000,140.7456,140.9360,-0.19041
67.5833,140.7698,140.9540,-0.18415
67.6667,140.7941,140.9720,-0.17793
67.7500,140.8182,141.0080,-0.18979
67.8333,140.8423,141.0260,-0.18373
67.9167,140.8663,141.0440,-0.17770
68.0000,140.8902,141.0620,-0.17176
68.0833,140.9141,141.0980,-0.18388
68.1667,140.9380,141.1160,-0.17804
68.2500,140.9617,141.1340,-0.17229
68.3333,140.9854,141.1700,-0.18461
68.4167,141.0090,141.1880,-0.17896
68.5000,141.0326,141.2060,-0.17340
68.5833,141.0561,141.2240,-0.16790
68.6667,141.0796,141.2600,-0.18044
68.7500,141.1029,141.2780,-0.17506
68.8333,141.1262,141.2960,-0.16975
68.9167,141.1495,141.3140,-0.16448
69.0000,141.1727,141.3500,-0.17729
69.0833,141.1958,141.3680,-0.17216
69.1667,141.2189,141.3860,-0.16707
69.2500,141.2419,141.4040,-0.16206
69.3333,141.2649,141.4400,-0.17512
69.4167,141.2878,141.4580,-0.17020
69.5000,141.3106,141.4760,-0.16538
69.5833,141.3334,141.4940,-0.16061
69.6667,141.3561,141.5300,-0.17388
69.7500,141.3788,141.5480,-0.16924
69.8333,141.4014,141.5660,-0.16465
69.9167,141.4239,141.5840,-0.16009
70.0000,141.4464,141.6200,-0.17362
70.0833,141.4688,141.6380,-0.16921
70.1667,141.4912,141.6560,-0.16483
70.2500,141.5135,141.6740,-0.16054
70.3333,141.5357,141.6920,-0.15630
70.4167,141.5579,141.7280,-0.17010
70.5000,141.5800,141.7460,-0.16597
70.5833,141.6021,141.7640,-0.16191
70.6667,141.6241,141.7820,-0.15788
70.7500,141.6461,141.8000,-0.15393
70.8333,141.6680,141.8180,-0.15003
70.9167,141.6898,141.8540,-0.16417
71.0000,141.7116,141.8720,-0.16039
71.0833,141.7333,141.8900,-0.15666
71.1667,141.7550,141.9080,-0.15297
71.2500,141.7766,141.9260,-0.14935
71.3333,141.7982,141.9620,-0.16379
71.4167,141.8197,141.9800,-0.16027
71.5000,141.8412,141.9980,-0.15682
71.5833,141.8626,142.0160,-0.15342
71.6667,141.8839,142.0340,-0.15006
71.7500,141.9052,142.0520,-0.14678
71.8333,141.9265,142.0700,-0.14355
71.9167,141.9477,142.1060,-0.15834
72.0000,141.9688,142.1240,-0.15522
72.0833,141.9898,142.1420,-0.15215
72.1667,142.0109,142.1600,-0.14911
72.2500,142.0318,142.1780,-0.14615
72.3333,142.0528,142.1960,-0.14324
72.4167,142.0736,142.2140,-0.14036
72.5000,142.0944,142.2500,-0.15556
72.5833,142.1152,142.2680,-0.15281
72.6667,142.1359,142.2860,-0.15009
72.7500,142.1566,142.3040,-0.14744
72.8333,142.1772,142.3220,-0.14485
72.9167,142.1977,142.3400,-0.14228
73.0000,142.2182,142.3580,-0.13979
73.0833,142.2386,142.3760,-0.13735
73.1667,142.2591,142.3940,-0.13494
73.2500,142.2794,142.4300,-0.15061
73.3333,142.2997,142.4480,-0.14832
73.4167,142.3199,142.4660,-0.14606
73.5000,142.3401,142.4840,-0.14388
73.5833,142.3603,142.5020,-0.14174
73.6667,142.3804,142.5200,-0.13964
73.7500,142.4004,142.5380,-0.13760
73.8333,142.4204,142.5560,-0.13562
73.9167,142.4403,142.5740,-0.13366
74.0000,142.4602,142.5920,-0.13178
74.0833,142.4801,142.6100,-0.12994
74.1667,142.4999,142.6280,-0.12813
74.2500,142.5196,142.6460,-0.12640
74.3333,142.5393,142.6820,-0.14271
74.4167,142.5590,142.7000,-0.14105
74.5000,142.5785,142.7180,-0.13946
74.5833,142.5981,142.7360,-0.13791
74.6667,142.6176,142.7540,-0.13640
74.7500,142.6371,142.7720,-0.13495
74.8333,142.6564,142.7900,-0.13355
74.9167,142.6758,142.8080,-0.13218
75.0000,142.6951,142.8260,-0.13087
75.0833,142.7144,142.8440,-0.12962
75.1667,142.7336,142.8620,-0.12839
75.2500,142.7528,142.8800,-0.12722
75.3333,142.7719,142.8980,-0.12611
75.4167,142.7910,142.9160,-0.12502
75.5000,142.8100,142.9340,-0.12400
75.5833,142.8290,142.9520,-0.12302
75.6667,142.8479,142.9700,-0.12207
75.7500,142.8668,142.9880,-0.12119
75.8333,142.8856,143.0060,-0.12035
75.9167,142.9045,143.0240,-0.11954
76.0000,142.9232,143.0420,-0.11879
76.0833,142.9419,143.0600,-0.11809
76.1667,142.9606,143.0780,-0.11741
76.2500,142.9792,143.0960,-0.11680
76.3333,142.9978,143.1140,-0.11624
76.4167,143.0163,143.1320,-0.11570
76.5000,143.0348,143.1500,-0.11522
76.5833,143.0532,143.1680,-0.11479
76.6667,143.0716,143.1860,-0.11438
76.7500,143.0900,143.2040,-0.11404
76.8333,143.1083,143.2220,-0.11374
76.9167,143.1265,143.2400,-0.11347
77.0000,143.1447,143.2580,-0.11326
77.0833,143.1629,143.2760,-0.11309
77.1667,143.1811,143.2940,-0.11294
77.2500,143.1991,143.3120,-0.11286
77.3333,143.2172,143.3300,-0.11283
77.4167,143.2352,143.3480,-0.11281
77.5000,143.2531,143.3660,-0.11286
77.5833,143.2710,143.3840,-0.11295
77.6667,143.2889,143.4020,-0.11307
77.7500,143.3068,143.4200,-0.11324
77.8333,143.3245,143.4380,-0.11346
77.9167,143.3423,143.4560,-0.11370
78.0000,143.3600,143.4740,-0.11401
78.0833,143.3776,143.4920,-0.11435
78.1667,143.3953,143.5100,-0.11472
78.2500,143.4129,143.5280,-0.11515
78.3333,143.4304,143.5460,-0.11562
78.4167,143.4479,143.5640,-0.11611
78.5000,143.4653,143.5640,-0.09866
78.5833,143.4827,143.5820,-0.09925
78.6667,143.5001,143.6000,-0.09987
78.7500,143.5175,143.6180,-0.10054
78.8333,143.5347,143.6360,-0.10126
78.9167,143.5520,143.6540,-0.10200
79.0000,143.5692,143.6720,-0.10279
79.0833,143.5864,143.6900,-0.10363
79.1667,143.6035,143.7080,-0.10449
79.2500,143.6206,143.7260,-0.10541
79.3333,143.6376,143.7440,-0.10637
79.4167,143.6547,143.7620,-0.10734
79.5000,143.6716,143.7800,-0.10838
79.5833,143.6885,143.7980,-0.10946
79.6667,143.7054,143.7980,-0.09255
79.7500,143.7223,143.8160,-0.09371
79.8333,143.7391,143.8340,-0.09490
79.9167,143.7559,143.8520,-0.09611
80.0000,143.7726,143.8700,-0.09739
80.0833,143.7893,143.8880,-0.09870
80.1667,143.8060,143.9060,-0.10003
80.2500,143.8226,143.9240,-0.10141
80.3333,143.8392,143.9420,-0.10284
80.4167,143.8557,143.9600,-0.10428
80.5000,143.8722,143.9600,-0.08779
80.5833,143.8887,143.9780,-0.08933
80.6667,143.9051,143.9960,-0.09089
80.7500,143.9215,144.0140,-0.09250
80.8333,143.9378,144.0320,-0.09415
80.9167,143.9542,144.0500,-0.09583
81.0000,143.9704,144.0680,-0.09755
81.0833,143.9867,144.0860,-0.09932
81.1667,144.0029,144.0860,-0.08310
81.2500,144.0191,144.1040,-0.08494
81.3333,144.0352,144.1220,-0.08682
81.4167,144.0513,144.1400,-0.08871
81.5000,144.0673,144.1580,-0.09066
81.5833,144.0834,144.1760,-0.09265
81.6667,144.0993,144.1940,-0.09465
81.7500,144.1153,144.2120,-0.09671
81.8333,144.1312,144.2120,-0.08081
81.9167,144.1471,144.2300,-0.08292
82.0000,144.1629,144.2480,-0.08509
82.0833,144.1787,144.2660,-0.08729
82.1667,144.1945,144.2840,-0.08951
82.2500,144.2102,144.3020,-0.09178
82.3333,144.2259,144.3020,-0.07609
82.4167,144.2416,144.3200,-0.07842
82.5000,144.2572,144.3380,-0.08080
82.5833,144.2728,144.3560,-0.08322
82.6667,144.2884,144.3740,-0.08565
82.7500,144.3039,144.3920,-0.08813
82.8333,144.3193,144.4100,-0.09065
82.9167,144.3348,144.4100,-0.07519
83.0000,144.3502,144.4280,-0.07778
83.0833,144.3656,144.4460,-0.08040
83.1667,144.3810,144.4640,-0.08304
83.2500,144.3963,144.4820,-0.08574
83.3333,144.4115,144.4820,-0.07046
83.4167,144.4268,144.5000,-0.07321
83.5000,144.4420,144.5180,-0.07600
83.5833,144.4572,144.5360,-0.07883
83.6667,144.4723,144.5540,-0.08167
83.7500,144.4874,144.5720,-0.08457
83.8333,144.5025,144.5720,-0.06950
83.9167,144.5176,144.5900,-0.07244
84.0000,144.5326,144.6080,-0.07544
84.0833,144.5475,144.6260,-0.07847
84.1667,144.5625,144.6440,-0.08151
84.2500,144.5774,144.6440,-0.06661
84.3333,144.5923,144.6620,-0.06974
84.4167,144.6071,144.6800,-0.07288
84.5000,144.6219,144.6980,-0.07607
84.5833,144.6367,144.7160,-0.07930
84.6667,144.6515,144.7160,-0.06454
84.7500,144.6662,144.7340,-0.06783
84.8333,144.6808,144.7520,-0.07116
84.9167,144.6955,144.7700,-0.07449
85.0000,144.7101,144.7880,-0.07788
85.0833,144.7247,144.7880,-0.06330
85.1667,144.7393,144.8060,-0.06673
85.2500,144.7538,144.8240,-0.07022
85.3333,144.7683,144.8420,-0.07373
85.4167,144.7827,144.8420,-0.05926
85.5000,144.7972,144.8600,-0.06284
85.5833,144.8116,144.8780,-0.06645
85.6667,144.8259,144.8960,-0.07007
85.7500,144.8403,144.9140,-0.07374
85.8333,144.8546,144.9140,-0.05945
85.9167,144.8688,144.9320,-0.06316
86.0000,144.8831,144.9500,-0.06693
86.0833,144.8973,144.9680,-0.07072
86.1667,144.9115,144.9680,-0.05653
86.2500,144.9256,144.9860,-0.06039
86.3333,144.9397,145.0040,-0.06428
86.4167,144.9538,145.0220,-0.06818
86.5000,144.9679,145.0220,-0.05412
86.5833,144.9819,145.0400,-0.05810
86.6667,144.9959,145.0580,-0.06209
86.7500,145.0099,145.0760,-0.06613
86.8333,145.0238,145.0760,-0.05220
86.9167,145.0377,145.0940,-0.05628
87.0000,145.0516,145.1120,-0.06041
87.0833,145.0654,145.1300,-0.06457
87.1667,145.0793,145.1300,-0.05074
87.2500,145.0930,145.1480,-0.05496
87.3333,145.1068,145.1660,-0.05920
87.4167,145.1205,145.1840,-0.06346
87.5000,145.1342,145.1840,-0.04977
87.5833,145.1479,145.2020,-0.05410
87.6667,145.1616,145.2200,-0.05845
87.7500,145.1752,145.2380,-0.06284
87.8333,145.1887,145.2380,-0.04926
87.9167,145.2023,145.2560,-0.05369
88.0000,145.2158,145.2740,-0.05817
88.0833,145.2293,145.2740,-0.04468
88.1667,145.2428,145.2920,-0.04920
88.2500,145.2562,145.3100,-0.05376
88.3333,145.2696,145.3280,-0.05835
88.4167,145.2830,145.3280,-0.04496
88.5000,145.2964,145.3460,-0.04961
88.5833,145.3097,145.3640,-0.05428
88.6667,145.3230,145.3640,-0.04097
88.7500,145.3363,145.3820,-0.04571
88.8333,145.3495,145.4000,-0.05047
88.9167,145.3628,145.4180,-0.05524
89.0000,145.3759,145.4180,-0.04205
89.0833,145.3891,145.4360,-0.04690
89.1667,145.4022,145.4540,-0.05175
89.2500,145.4153,145.4540,-0.03865
89.3333,145.4284,145.4720,-0.04358
89.4167,145.4415,145.4900,-0.04852
89.5000,145.4545,145.5080,-0.05350
89.5833,145.4675,145.5080,-0.04050
89.6667,145.4805,145.5260,-0.04552
89.7500,145.4934,145.5440,-0.05058
89.8333,145.5063,145.5440,-0.03767
89.9167,145.5192,145.5620,-0.04277
90.0000,145.5321,145.5800,-0.04791
90.0833,145.5449,145.5800,-0.03508
90.1667,145.5577,145.5980,-0.04026
90.2500,145.5705,145.6160,-0.04548
90.3333,145.5833,145.6160,-0.03273
90.4167,145.5960,145.6340,-0.03799
90.5000,145.6087,145.6520,-0.04329
90.5833,145.6214,145.6700,-0.04862
90.6667,145.6340,145.6700,-0.03596
90.7500,145.6467,145.6880,-0.04134
90.8333,145.6593,145.7060,-0.04674
90.9167,145.6718,145.7060,-0.03416
91.0000,145.6844,145.7240,-0.03961
91.0833,145.6969,145.7420,-0.04509
91.1667,145.7094,145.7420,-0.03259
91.2500,145.7219,145.7600,-0.03812
91.3333,145.7343,145.7780,-0.04368
91.4167,145.7468,145.7780,-0.03125
91.5000,145.7591,145.7960,-0.03686
91.5833,145.7715,145.8140,-0.04249
91.6667,145.7839,145.8140,-0.03014
91.7500,145.7962,145.8320,-0.03582
91.8333,145.8085,145.8500,-0.04153
91.9167,145.8207,145.8500,-0.02925
92.0000,145.8330,145.8680,-0.03501
92.0833,145.8452,145.8860,-0.04080
92.1667,145.8574,145.8860,-0.02859
92.2500,145.8696,145.9040,-0.03443
92.3333,145.8817,145.9220,-0.04029
92.4167,145.8938,145.9220,-0.02816
92.5000,145.9059,145.9400,-0.03406
92.5833,145.9180,145.9400,-0.02200
92.6667,145.9301,145.9580,-0.02794
92.7500,145.9421,145.9760,-0.03392
92.8333,145.9541,145.9760,-0.02192
92.9167,145.9661,145.9940,-0.02794
93.0000,145.9780,146.0120,-0.03399
93.0833,145.9899,146.0120,-0.02207
93.1667,146.0018,146.0300,-0.02816
93.2500,146.0137,146.0480,-0.03428
93.3333,146.0256,146.0480,-0.02243
93.4167,146.0374,146.0660,-0.02859
93.5000,146.0492,146.0840,-0.03478
93.5833,146.0610,146.0840,-0.02300
93.6667,146.0728,146.1020,-0.02923
93.7500,146.0845,146.1020,-0.01750
93.8333,146.0962,146.1200,-0.02379
93.9167,146.1079,146.1380,-0.03009
94.0000,146.1196,146.1380,-0.01842
94.0833,146.1312,146.1560,-0.02478
94.1667,146.1428,146.1740,-0.03115
94.2500,146.1544,146.1740,-0.01956
94.3333,146.1660,146.1920,-0.02599
94.4167,146.1776,146.1920,-0.01442
94.5000,146.1891,146.2100,-0.02090
94.5833,146.2006,146.2280,-0.02739
94.6667,146.2121,146.2280,-0.01590
94.7500,146.2236,146.2460,-0.02244
94.8333,146.2350,146.2460,-0.01101
94.9167,146.2464,146.2640,-0.01758
95.0000,146.2578,146.2820,-0.02419
95.0833,146.2692,146.2820,-0.01282
95.1667,146.2805,146.3000,-0.01946
95.2500,146.2919,146.3180,-0.02614
95.3333,146.3032,146.3180,-0.01484
95.4167,146.3145,146.3360,-0.02155
95.5000,146.3257,146.3360,-0.01029
95.5833,146.3369,146.3540,-0.01706
95.6667,146.3482,146.3720,-0.02383
95.7500,146.3594,146.3720,-0.01264
95.8333,146.3705,146.3900,-0.01947
95.9167,146.3817,146.3900,-0.00831
96.0000,146.3928,146.4080,-0.01518
96.0833,146.4039,146.4260,-0.02208
96.1667,146.4150,146.4260,-0.01098
96.2500,146.4261,146.4440,-0.01792
96.3333,146.4371,146.4440,-0.00688
96.4167,146.4481,146.4620,-0.01385
96.5000,146.4591,146.4800,-0.02086
96.5833,146.4701,146.4800,-0.00988
96.6667,146.4811,146.4980,-0.01691
96.7500,146.4920,146.4980,-0.00598
96.8333,146.5029,146.5160,-0.01307
96.9167,146.5138,146.5160,-0.00216
97.0000,146.5247,146.5340,-0.00930
97.0833,146.5356,146.5520,-0.01645
97.1667,146.5464,146.5520,-0.00561
97.2500,146.5572,146.5700,-0.01280
97.3333,146.5680,146.5700,-0.00201
97.4167,146.5788,146.5880,-0.00923
97.5000,146.5895,146.6060,-0.01649
97.5833,146.6002,146.6060,-0.00576
97.6667,146.6110,146.6240,-0.01305
97.7500,146.6216,146.6240,-0.00236
97.8333,146.6323,146.6420,-0.00970
97.9167,146.6430,146.6420,0.00096
98.0000,146.6536,146.6600,-0.00642
98.0833,146.6642,146.6780,-0.01382
98.1667,146.6748,146.6780,-0.00322
98.2500,146.6853,146.6960,-0.01066
98.3333,146.6959,146.6960,-0.00012
98.4167,146.7064,146.7140,-0.00759
98.5000,146.7169,146.7140,0.00292
98.5833,146.7274,146.7320,-0.00460
98.6667,146.7379,146.7320,0.00587
98.7500,146.7483,146.7500,-0.00168
98.8333,146.7587,146.7680,-0.00926
98.9167,146.7692,146.7680,0.00115
99.0000,146.7795,146.7860,-0.00646
99.0833,146.7899,146.7860,0.00390
99.1667,146.8003,146.8040,-0.00374
99.2500,146.8106,146.8040,0.00658
99.3333,146.8209,146.8220,-0.00111
99.4167,146.8312,146.8220,0.00918
99.5000,146.8415,146.8400,0.00145
99.5833,146.8517,146.8580,-0.00630
99.6667,146.8619,146.8580,0.00394
99.7500,146.8721,146.8760,-0.00385
99.8333,146.8823,146.8760,0.00634
99.9167,146.8925,146.8940,-0.00148
100.0000,146.9027,146.8940,0.00867
100.0833,146.9128,146.9120,0.00080
100.1667,146.9229,146.9120,0.01093
100.2500,146.9330,146.9300,0.00302
100.3333,146.9431,146.9300,0.01310
100.4167,146.9532,146.9480,0.00517
100.5000,146.9632,146.9660,-0.00279
100.5833,146.9732,146.9660,0.00723
100.6667,146.9832,146.9840,-0.00076
100.7500,146.9932,146.9840,0.00922
100.8333,147.0032,147.0020,0.00119
100.9167,147.0131,147.0020,0.01115
101.0000,147.0231,147.0200,0.00307
101.0833,147.0330,147.0200,0.01298
101.1667,147.0429,147.0380,0.00489
101.2500,147.0528,147.0380,0.01476
101.3333,147.0626,147.0560,0.00661
101.4167,147.0725,147.0560,0.01646
101.5000,147.0823,147.0740,0.00828
101.5833,147.0921,147.0740,0.01808
101.6667,147.1019,147.0920,0.00987
101.7500,147.1116,147.1100,0.00164
101.8333,147.1214,147.1100,0.01138
101.9167,147.1311,147.1280,0.00312
102.0000,147.1408,147.1280,0.01283
102.0833,147.1505,147.1460,0.00452
102.1667,147.1602,147.1460,0.01421
102.2500,147.1699,147.1640,0.00587
102.3333,147.1795,147.1640,0.01551
102.4167,147.1891,147.1820,0.00714
102.5000,147.1987,147.1820,0.01674
102.5833,147.2083,147.2000,0.00833
102.6667,147.2179,147.2000,0.01791
102.7500,147.2275,147.2180,0.00946
102.8333,147.2370,147.2180,0.01900
102.9167,147.2465,147.2360,0.01053
103.0000,147.2560,147.2360,0.02003
103.0833,147.2655,147.2540,0.01151
103.1667,147.2750,147.2540,0.02099
103.2500,147.2844,147.2720,0.01243
103.3333,147.2939,147.2720,0.02187
103.4167,147.3033,147.2900,0.01329
103.5000,147.3127,147.2900,0.02269
103.5833,147.3221,147.3080,0.01407
103.6667,147.3314,147.3080,0.02344
103.7500,147.3408,147.3260,0.01479
103.8333,147.3501,147.3260,0.02412
103.9167,147.3594,147.3440,0.01544
104.0000,147.3687,147.3440,0.02474
104.0833,147.3780,147.3620,0.01602
104.1667,147.3873,147.3620,0.02529
104.2500,147.3965,147.3800,0.01654
104.3333,147.4058,147.3800,0.02577
104.4167,147.4150,147.3980,0.01699
104.5000,147.4242,147.3980,0.02619
104.5833,147.4334,147.4160,0.01737
104.6667,147.4425,147.4160,0.02654
104.7500,147.4517,147.4340,0.01769
104.8333,147.4608,147.4340,0.02682
104.9167,147.4699,147.4520,0.01795
105.0000,147.4790,147.4520,0.02705
105.0833,147.4881,147.4700,0.01813
105.1667,147.4972,147.4700,0.02721
105.2500,147.5063,147.4880,0.01826
105.3333,147.5153,147.4880,0.02729
105.4167,147.5243,147.5060,0.01832
105.5000,147.5333,147.5060,0.02732
105.5833,147.5423,147.5240,0.01831
105.6667,147.5513,147.5240,0.02729
105.7500,147.5602,147.5420,0.01824
105.8333,147.5692,147.5420,0.02718
105.9167,147.5781,147.5600,0.01812
106.0000,147.5870,147.5600,0.02702
106.0833,147.5959,147.5600,0.03591
106.1667,147.6048,147.5780,0.02680
106.2500,147.6137,147.5780,0.03566
106.3333,147.6225,147.5960,0.02651
106.4167,147.6313,147.5960,0.03535
106.5000,147.6402,147.6140,0.02616
106.5833,147.6490,147.6140,0.03496
106.6667,147.6578,147.6320,0.02575
106.7500,147.6665,147.6320,0.03452
106.8333,147.6753,147.6500,0.02527
106.9167,147.6840,147.6500,0.03402
107.0000,147.6927,147.6680,0.02474
107.0833,147.7014,147.6680,0.03344
107.1667,147.7101,147.6860,0.02415
107.2500,147.7188,147.6860,0.03282
107.3333,147.7275,147.7040,0.02348
107.4167,147.7361,147.7040,0.03214
107.5000,147.7448,147.7040,0.04077
107.5833,147.7534,147.7220,0.03138
107.6667,147.7620,147.7220,0.04000
107.7500,147.7706,147.7400,0.03058
107.8333,147.7792,147.7400,0.03915
107.9167,147.7877,147.7580,0.02972
108.0000,147.7963,147.7580,0.03826
108.0833,147.8048,147.7760,0.02879
108.1667,147.8133,147.7760,0.03731
108.2500,147.8218,147.7940,0.02781
108.3333,147.8303,147.7940,0.03629
108.4167,147.8388,147.8120,0.02677
108.5000,147.8472,147.8120,0.03522
108.5833,147.8557,147.8120,0.04366
108.6667,147.8641,147.8300,0.03409
108.7500,147.8725,147.8300,0.04250
108.8333,147.8809,147.8480,0.03290
108.9167,147.8893,147.8480,0.04129
109.0000,147.8977,147.8660,0.03166
109.0833,147.9060,147.8660,0.04001
109.1667,147.9144,147.8840,0.03036
109.2500,147.9227,147.8840,0.03868
109.3333,147.9310,147.8840,0.04699
109.4167,147.9393,147.9020,0.03729
109.5000,147.9476,147.9020,0.04557
109.5833,147.9558,147.9200,0.03584
109.6667,147.9641,147.9200,0.04410
109.7500,147.9723,147.9380,0.03434
109.8333,147.9806,147.9380,0.04257
109.9167,147.9888,147.9560,0.03279
110.0000,147.9970,147.9560,0.04099
110.0833,148.0052,147.9560,0.04917
110.1667,148.0133,147.9740,0.03935
110.2500,148.0215,147.9740,0.04750
110.3333,148.0296,147.9920,0.03764
110.4167,148.0378,147.9920,0.04578
110.5000,148.0459,148.0100,0.03590
110.5833,148.0540,148.0100,0.04400
110.6667,148.0621,148.0100,0.05209
110.7500,148.0702,148.0280,0.04216
110.8333,148.0782,148.0280,0.05022
110.9167,148.0863,148.0460,0.04028
111.0000,148.0943,148.0460,0.04831
111.0833,148.1023,148.0640,0.03833
111.1667,148.1103,148.0640,0.04635
111.2500,148.1183,148.0640,0.05434
111.3333,148.1263,148.0820,0.04432
111.4167,148.1343,148.0820,0.05229
111.5000,148.1422,148.1000,0.04224
111.5833,148.1502,148.1000,0.05018
111.6667,148.1581,148.1180,0.04011
111.7500,148.1660,148.1180,0.04803
111.8333,148.1739,148.1180,0.05593
111.9167,148.1818,148.1360,0.04582
112.0000,148.1897,148.1360,0.05369
112.0833,148.1976,148.1540,0.04355
112.1667,148.2054,148.1540,0.05141
112.2500,148.2132,148.1720,0.04124
112.3333,148.2211,148.1720,0.04906
112.4167,148.2289,148.1720,0.05688
112.5000,148.2367,148.1900,0.04667
112.5833,148.2445,148.1900,0.05445
112.6667,148.2522,148.2080,0.04423
112.7500,148.2600,148.2080,0.05199
112.8333,148.2677,148.2080,0.05973
112.9167,148.2755,148.2260,0.04947
113.0000,148.2832,148.2260,0.05718
113.0833,148.2909,148.2440,0.04689
113.1667,148.2986,148.2440,0.05459
113.2500,148.3063,148.2620,0.04427
113.3333,148.3139,148.2620,0.05193
113.4167,148.3216,148.2620,0.05960
113.5000,148.3292,148.2800,0.04924
113.5833,148.3369,148.2800,0.05687
113.6667,148.3445,148.2980,0.04649
113.7500,148.3521,148.2980,0.05409
113.8333,148.3597,148.2980,0.06169
113.9167,148.3673,148.3160,0.05127
114.0000,148.3748,148.3160,0.05884
114.0833,148.3824,148.3340,0.04839
114.1667,148.3899,148.3340,0.05594
114.2500,148.3975,148.3340,0.06347
114.3333,148.4050,148.3520,0.05299
114.4167,148.4125,148.3520,0.06050
114.5000,148.4200,148.3700,0.05000
114.5833,148.4275,148.3700,0.05748
114.6667,148.4350,148.3700,0.06495
114.7500,148.4424,148.3880,0.05441
114.8333,148.4499,148.3880,0.06185
114.9167,148.4573,148.4060,0.05129
115.0000,148.4647,148.4060,0.05871
115.0833,148.4721,148.4060,0.06612
115.1667,148.4795,148.4240,0.05552
115.2500,148.4869,148.4240,0.06291
115.3333,148.4943,148.4420,0.05228
115.4167,148.5016,148.4420,0.05965
115.5000,148.5090,148.4420,0.06700
115.5833,148.5163,148.4600,0.05633
115.6667,148.5237,148.4600,0.06366
115.7500,148.5310,148.4780,0.05298
115.8333,148.5383,148.4780,0.06028
115.9167,148.5456,148.4780,0.06757
116.0000,148.5529,148.4960,0.05685
116.0833,148.5601,148.4960,0.06412
116.1667,148.5674,148.5140,0.05338
116.2500,148.5746,148.5140,0.06062
116.3333,148.5819,148.5140,0.06785
116.4167,148.5891,148.5320,0.05708
116.5000,148.5963,148.5320,0.06429
116.5833,148.6035,148.5320,0.07148
116.6667,148.6107,148.5500,0.06068
116.7500,148.6178,148.5500,0.06785
116.8333,148.6250,148.5680,0.05701
116.9167,148.6322,148.5680,0.06417
117.0000,148.6393,148.5680,0.07131
117.0833,148.6464,148.5860,0.06043
117.1667,148.6536,148.5860,0.06756
117.2500,148.6607,148.6040,0.05666
117.3333,148.6678,148.6040,0.06376
117.4167,148.6748,148.6040,0.07085
117.5000,148.6819,148.6220,0.05992
117.5833,148.6890,148.6220,0.06698
117.6667,148.6960,148.6220,0.07403
117.7500,148.7031,148.6400,0.06307
117.8333,148.7101,148.6400,0.07010
117.9167,148.7171,148.6580,0.05912
118.0000,148.7241,148.6580,0.06612
118.0833,148.7311,148.6580,0.07311
118.1667,148.7381,148.6760,0.06210
118.2500,148.7451,148.6760,0.06908
118.3333,148.7520,148.6760,0.07604
118.4167,148.7590,148.6940,0.06499
118.5000,148.7659,148.6940,0.07193
118.5833,148.7729,148.7120,0.06086
118.6667,148.7798,148.7120,0.06778
118.7500,148.7867,148.7120,0.07469
118.8333,148.7936,148.7300,0.06358
118.9167,148.8005,148.7300,0.07047
119.0000,148.8073,148.7300,0.07735
119.0833,148.8142,148.7480,0.06621
119.1667,148.8211,148.7480,0.07307
119.2500,148.8279,148.7480,0.07991
119.3333,148.8347,148.7660,0.06874
119.4167,148.8416,148.7660,0.07556
119.5000,148.8484,148.7840,0.06437
119.5833,148.8552,148.7840,0.07117
119.6667,148.8620,148.7840,0.07797
119.7500,148.8687,148.8020,0.06674
119.8333,148.8755,148.8020,0.07351
119.9167,148.8823,148.8020,0.08027
120.0000,148.8890,148.8200,0.06902
120.0833,148.8958,148.8200,0.07575
120.1667,148.9025,148.8200,0.08249
120.2500,148.9092,148.8380,0.07120
120.3333,148.9159,148.8380,0.07790
120.4167,148.9226,148.8560,0.06660
120.5000,148.9293,148.8560,0.07329
120.5833,148.9360,148.8560,0.07996
120.6667,148.9426,148.8740,0.06863
120.7500,148.9493,148.8740,0.07528
120.8333,148.9559,148.8740,0.08192
120.9167,148.9626,148.8920,0.07056
121.0000,148.9692,148.8920,0.07718
121.0833,148.9758,148.8920,0.08379
121.1667,148.9824,148.9100,0.07240
121.2500,148.9890,148.9100,0.07899
121.3333,148.9956,148.9100,0.08557
121.4167,149.0022,148.9280,0.07415
121.5000,149.0087,148.9280,0.08071
121.5833,149.0153,148.9280,0.08726
121.6667,149.0218,148.9460,0.07581
121.7500,149.0283,148.9460,0.08234
121.8333,149.0349,148.9640,0.07086
121.9167,149.0414,148.9640,0.07738
122.0000,149.0479,148.9640,0.08388
122.0833,149.0544,148.9820,0.07237
122.1667,149.0609,148.9820,0.07886
122.2500,149.0673,148.9820,0.08533
122.3333,149.0738,149.0000,0.07379
122.4167,149.0802,149.0000,0.08025
122.5000,149.0867,149.0000,0.08669
122.5833,149.0931,149.0180,0.07512
122.6667,149.0996,149.0180,0.08155
122.7500,149.1060,149.0180,0.08796
122.8333,149.1124,149.0360,0.07637
122.9167,149.1188,149.0360,0.08277
123.0000,149.1251,149.0360,0.08915
123.0833,149.1315,149.0540,0.07752
123.1667,149.1379,149.0540,0.08389
123.2500,149.1442,149.0540,0.09025
123.3333,149.1506,149.0720,0.07859
123.4167,149.1569,149.0720,0.08493
123.5000,149.1633,149.0720,0.09126
123.5833,149.1696,149.0900,0.07958
123.6667,149.1759,149.0900,0.08589
123.7500,149.1822,149.0900,0.09219
123.8333,149.1885,149.1080,0.08047
123.9167,149.1948,149.1080,0.08676
124.0000,149.2010,149.1080,0.09303
124.0833,149.2073,149.1260,0.08129
124.1667,149.2135,149.1260,0.08754
124.2500,149.2198,149.1260,0.09378
124.3333,149.2260,149.1440,0.08201
124.4167,149.2322,149.1440,0.08824
124.5000,149.2385,149.1440,0.09446
124.5833,149.2447,149.1620,0.08266
124.6667,149.2509,149.1620,0.08886
124.7500,149.2570,149.1620,0.09504
124.8333,149.2632,149.1800,0.08322
124.9167,149.2694,149.1800,0.08939
125.0000,149.2755,149.1800,0.09555
125.0833,149.2817,149.1980,0.08370
125.1667,149.2878,149.1980,0.08984
125.2500,149.2940,149.1980,0.09597
125.3333,149.3001,149.2160,0.08409
125.4167,149.3062,149.2160,0.09021
125.5000,149.3123,149.2160,0.09631
125.5833,149.3184,149.2340,0.08441
125.6667,149.3245,149.2340,0.09050
125.7500,149.3306,149.2340,0.09657
125.8333,149.3366,149.2520,0.08464
125.9167,149.3427,149.2520,0.09071
126.0000,149.3488,149.2520,0.09675
126.0833,149.3548,149.2700,0.08479
126.1667,149.3608,149.2700,0.09083
126.2500,149.3669,149.2700,0.09685
126.3333,149.3729,149.2880,0.08487
126.4167,149.3789,149.2880,0.09088
126.5000,149.3849,149.2880,0.09687
126.5833,149.3909,149.3060,0.08486
126.6667,149.3968,149.3060,0.09084
126.7500,149.4028,149.3060,0.09681
126.8333,149.4088,149.3240,0.08477
126.9167,149.4147,149.3240,0.09073
127.0000,149.4207,149.3240,0.09667
127.0833,149.4266,149.3240,0.10261
127.1667,149.4325,149.3420,0.09054
127.2500,149.4385,149.3420,0.09645
127.3333,149.4444,149.3420,0.10236
127.4167,149.4503,149.3600,0.09027
127.5000,149.4562,149.3600,0.09616
127.5833,149.4620,149.3600,0.10204
127.6667,149.4679,149.3780,0.08992
127.7500,149.4738,149.3780,0.09579
127.8333,149.4796,149.3780,0.10164
127.9167,149.4855,149.3960,0.08950
128.0000,149.4913,149.3960,0.09534
128.0833,149.4972,149.3960,0.10117
128.1667,149.5030,149.4140,0.08900
128.2500,149.5088,149.4140,0.09481
128.3333,149.5146,149.4140,0.10062
128.4167,149.5204,149.4320,0.08842
128.5000,149.5262,149.4320,0.09421
128.5833,149.5320,149.4320,0.09999
128.6667,149.5378,149.4320,0.10577
128.7500,149.5435,149.4500,0.09353
128.8333,149.5493,149.4500,0.09929
128.9167,149.5550,149.4500,0.10504
129.0000,149.5608,149.4680,0.09278
129.0833,149.5665,149.4680,0.09851
129.1667,149.5722,149.4680,0.10424
129.2500,149.5780,149.4860,0.09196
129.3333,149.5837,149.4860,0.09766
129.4167,149.5894,149.4860,0.10337
129.5000,149.5951,149.5040,0.09106
129.5833,149.6007,149.5040,0.09674
129.6667,149.6064,149.5040,0.10242
129.7500,149.6121,149.5040,0.10808
129.8333,149.6177,149.5220,0.09574
129.9167,149.6234,149.5220,0.10140
130.0000,149.6290,149.5220,0.10704
130.0833,149.6347,149.5400,0.09467
130.1667,149.6403,149.5400,0.10030
130.2500,149.6459,149.5400,0.10592
130.3333,149.6515,149.5580,0.09353
130.4167,149.6571,149.5580,0.09913
130.5000,149.6627,149.5580,0.10473
130.5833,149.6683,149.5580,0.11031
130.6667,149.6739,149.5760,0.09790
130.7500,149.6795,149.5760,0.10346
130.8333,149.6850,149.5760,0.10903
130.9167,149.6906,149.5940,0.09659
131.0000,149.6961,149.5940,0.10213
131.0833,149.7017,149.5940,0.10767
131.1667,149.7072,149.5940,0.11320
131.2500,149.7127,149.6120,0.10073
131.3333,149.7182,149.6120,0.10624
131.4167,149.7238,149.6120,0.11175
131.5000,149.7293,149.6300,0.09925
131.5833,149.7347,149.6300,0.10474
131.6667,149.7402,149.6300,0.11023
131.7500,149.7457,149.6480,0.09771
131.8333,149.7512,149.6480,0.10317
131.9167,149.7566,149.6480,0.10864
132.0000,149.7621,149.6480,0.11409
132.0833,149.7675,149.6660,0.10154
132.1667,149.7730,149.6660,0.10698
132.2500,149.7784,149.6660,0.11241
132.3333,149.7838,149.6840,0.09983
132.4167,149.7893,149.6840,0.10525
132.5000,149.7947,149.6840,0.11066
132.5833,149.8001,149.6840,0.11606
132.6667,149.8055,149.7020,0.10346
132.7500,149.8108,149.7020,0.10884
132.8333,149.8162,149.7020,0.11422
132.9167,149.8216,149.7200,0.10159
133.0000,149.8270,149.7200,0.10695
133.0833,149.8323,149.7200,0.11231
133.1667,149.8377,149.7200,0.11766
133.2500,149.8430,149.7380,0.10500
133.3333,149.8483,149.7380,0.11033
133.4167,149.8537,149.7380,0.11566
133.5000,149.8590,149.7560,0.10298
133.5833,149.8643,149.7560,0.10828
133.6667,149.8696,149.7560,0.11359
133.7500,149.8749,149.7560,0.11889
133.8333,149.8802,149.7740,0.10617
133.9167,149.8855,149.7740,0.11146
134.0000,149.8907,149.7740,0.11673
134.0833,149.8960,149.7920,0.10400
134.1667,149.9013,149.7920,0.10926
134.2500,149.9065,149.7920,0.11451
134.3333,149.9118,149.7920,0.11976
134.4167,149.9170,149.8100,0.10700
134.5000,149.9222,149.8100,0.11223
134.5833,149.9275,149.8100,0.11745
134.6667,149.9327,149.8280,0.10467
134.7500,149.9379,149.8280,0.10988
134.8333,149.9431,149.8280,0.11508
134.9167,149.9483,149.8280,0.12028
135.0000,149.9535,149.8460,0.10746
135.0833,149.9586,149.8460,0.11264
135.1667,149.9638,149.8460,0.11782
135.2500,149.9690,149.8460,0.12299
135.3333,149.9741,149.8640,0.11014
135.4167,149.9793,149.8640,0.11530
135.5000,149.9844,149.8640,0.12044
135.5833,149.9896,149.8820,0.10758
135.6667,149.9947,149.8820,0.11272
135.7500,149.9998,149.8820,0.11784
135.8333,150.0050,149.8820,0.12295
135.9167,150.0101,149.9000,0.11007
136.0000,150.0152,149.9000,0.11517
136.0833,150.0203,149.9000,0.12026
136.1667,150.0254,149.9000,0.12536
136.2500,150.0304,149.9180,0.11244
136.3333,150.0355,149.9180,0.11751
136.4167,150.0406,149.9180,0.12259
136.5000,150.0456,149.9360,0.10965
136.5833,150.0507,149.9360,0.11470
136.6667,150.0558,149.9360,0.11975
136.7500,150.0608,149.9360,0.12479
136.8333,150.0658,149.9540,0.11182
136.9167,150.0709,149.9540,0.11686
137.0000,150.0759,149.9540,0.12187
137.0833,150.0809,149.9540,0.12689
137.1667,150.0859,149.9720,0.11390
137.2500,150.0909,149.9720,0.11890
137.3333,150.0959,149.9720,0.12389
137.4167,150.1009,149.9900,0.11088
137.5000,150.1059,149.9900,0.11586
137.5833,150.1108,149.9900,0.12083
137.6667,150.1158,149.9900,0.12580
137.7500,150.1208,150.0080,0.11276
137.8333,150.1257,150.0080,0.11771
137.9167,150.1307,150.0080,0.12266
138.0000,150.1356,150.0080,0.12760
138.0833,150.1405,150.0260,0.11453
138.1667,150.1455,150.0260,0.11946
138.2500,150.1504,150.0260,0.12438
138.3333,150.1553,150.0260,0.12930
138.4167,150.1602,150.0440,0.11621
138.5000,150.1651,150.0440,0.12111
138.5833,150.1700,150.0440,0.12600
138.6667,150.1749,150.0440,0.13089
138.7500,150.1798,150.0620,0.11777
138.8333,150.1846,150.0620,0.12264
138.9167,150.1895,150.0620,0.12751
139.0000,150.1944,150.0800,0.11437
139.0833,150.1992,150.0800,0.11923
139.1667,150.2041,150.0800,0.12408
139.2500,150.2089,150.0800,0.12892
139.3333,150.2138,150.0980,0.11576
139.4167,150.2186,150.0980,0.12059
139.5000,150.2234,150.0980,0.12541
139.5833,150.2282,150.0980,0.13023
139.6667,150.2330,150.1160,0.11704
139.7500,150.2378,150.1160,0.12184
139.8333,150.2426,150.1160,0.12664
139.9167,150.2474,150.1160,0.13143
140.0000,150.2522,150.1340,0.11822
140.0833,150.2570,150.1340,0.12299
140.1667,150.2618,150.1340,0.12777
140.2500,150.2665,150.1340,0.13253
140.3333,150.2713,150.1520,0.11929
140.4167,150.2760,150.1520,0.12405
140.5000,150.2808,150.1520,0.12879
140.5833,150.2855,150.1520,0.13353
140.6667,150.2903,150.1700,0.12027
140.7500,150.2950,150.1700,0.12500
140.8333,150.2997,150.1700,0.12972
140.9167,150.3044,150.1700,0.13444
141.0000,150.3091,150.1880,0.12115
141.0833,150.3138,150.1880,0.12585
141.1667,150.3185,150.1880,0.13055
141.2500,150.3232,150.1880,0.13524
141.3333,150.3279,150.2060,0.12192
141.4167,150.3326,150.2060,0.12661
141.5000,150.3373,150.2060,0.13128
141.5833,150.3419,150.2060,0.13594
141.6667,150.3466,150.2240,0.12261
141.7500,150.3513,150.2240,0.12726
141.8333,150.3559,150.2240,0.13191
141.9167,150.3606,150.2240,0.13655
142.0000,150.3652,150.2420,0.12319
142.0833,150.3698,150.2420,0.12782
142.1667,150.3744,150.2420,0.13244
142.2500,150.3791,150.2420,0.13706
142.3333,150.3837,150.2600,0.12367
142.4167,150.3883,150.2600,0.12828
142.5000,150.3929,150.2600,0.13288
142.5833,150.3975,150.2600,0.13747
142.6667,150.4021,150.2780,0.12407
142.7500,150.4066,150.2780,0.12865
142.8333,150.4112,150.2780,0.13322
142.9167,150.4158,150.2780,0.13780
143.0000,150.4204,150.2960,0.12436
143.0833,150.4249,150.2960,0.12892
143.1667,150.4295,150.2960,0.13347
143.2500,150.4340,150.2960,0.13802
143.3333,150.4386,150.3140,0.12456
143.4167,150.4431,150.3140,0.12910
143.5000,150.4476,150.3140,0.13363
143.5833,150.4521,150.3140,0.13815
143.6667,150.4567,150.3320,0.12467
143.7500,150.4612,150.3320,0.12918
143.8333,150.4657,150.3320,0.13369
143.9167,150.4702,150.3320,0.13819
144.0000,150.4747,150.3320,0.14268
144.0833,150.4792,150.3500,0.12917
144.1667,150.4837,150.3500,0.13366
144.2500,150.4881,150.3500,0.13813
144.3333,150.4926,150.3500,0.14260
144.4167,150.4971,150.3680,0.12907
144.5000,150.5015,150.3680,0.13353
144.5833,150.5060,150.3680,0.13799
144.6667,150.5104,150.3680,0.14244
144.7500,150.5149,150.3860,0.12888
144.8333,150.5193,150.3860,0.13332
144.9167,150.5238,150.3860,0.13775
145.0000,150.5282,150.3860,0.14218
145.0833,150.5326,150.4040,0.12860
145.1667,150.5370,150.4040,0.13301
145.2500,150.5414,150.4040,0.13742
145.3333,150.5458,150.4040,0.14182
145.4167,150.5502,150.4220,0.12823
145.5000,150.5546,150.4220,0.13262
145.5833,150.5590,150.4220,0.13700
145.6667,150.5634,150.4220,0.14139
145.7500,150.5678,150.4220,0.14576
145.8333,150.5721,150.4400,0.13213
145.9167,150.5765,150.4400,0.13650
146.0000,150.5809,150.4400,0.14086
146.0833,150.5852,150.4400,0.14521
146.1667,150.5896,150.4580,0.13156
146.2500,150.5939,150.4580,0.13590
146.3333,150.5982,150.4580,0.14024
146.4167,150.6026,150.4580,0.14457
146.5000,150.6069,150.4760,0.13090
146.5833,150.6112,150.4760,0.13522
146.6667,150.6155,150.4760,0.13954
146.7500,150.6198,150.4760,0.14385
146.8333,150.6242,150.4760,0.14815
146.9167,150.6285,150.4940,0.13445
147.0000,150.6327,150.4940,0.13875
147.0833,150.6370,150.4940,0.14303
147.1667,150.6413,150.4940,0.14732
147.2500,150.6456,150.5120,0.13360
147.3333,150.6499,150.5120,0.13787
147.4167,150.6541,150.5120,0.14214
147.5000,150.6584,150.5120,0.14640
147.5833,150.6627,150.5300,0.13265
147.6667,150.6669,150.5300,0.13691
147.7500,150.6712,150.5300,0.14115
147.8333,150.6754,150.5300,0.14539
147.9167,150.6796,150.5300,0.14963
148.0000,150.6839,150.5480,0.13586
148.0833,150.6881,150.5480,0.14008
148.1667,150.6923,150.5480,0.14430
148.2500,150.6965,150.5480,0.14852
148.3333,150.7007,150.5660,0.13472
148.4167,150.7049,150.5660,0.13893
148.5000,150.7091,150.5660,0.14313
148.5833,150.7133,150.5660,0.14732
148.6667,150.7175,150.5660,0.15151
148.7500,150.7217,150.5840,0.13769
148.8333,150.7259,150.5840,0.14187
148.9167,150.7300,150.5840,0.14604
149.0000,150.7342,150.5840,0.15021
149.0833,150.7384,150.6020,0.13637
149.1667,150.7425,150.6020,0.14053
149.2500,150.7467,150.6020,0.14468
149.3333,150.7508,150.6020,0.14883
149.4167,150.7550,150.6020,0.15297
149.5000,150.7591,150.6200,0.13911
149.5833,150.7632,150.6200,0.14324
149.6667,150.7674,150.6200,0.14737
149.7500,150.7715,150.6200,0.15149
149.8333,150.7756,150.6380,0.13760
149.9167,150.7797,150.6380,0.14172
150.0000,150.7838,150.6380,0.14582
150.0833,150.7879,150.6380,0.14992
150.1667,150.7920,150.6380,0.15402
150.2500,150.7961,150.6560,0.14011
150.3333,150.8002,150.6560,0.14419
150.4167,150.8043,150.6560,0.14828
150.5000,150.8084,150.6560,0.15235
150.5833,150.8124,150.6740,0.13842
150.6667,150.8165,150.6740,0.14249
150.7500,150.8206,150.6740,0.14655
150.8333,150.8246,150.6740,0.15061
150.9167,150.8287,150.6740,0.15466
151.0000,150.8327,150.6920,0.14071
151.0833,150.8367,150.6920,0.14475
151.1667,150.8408,150.6920,0.14879
151.2500,150.8448,150.6920,0.15282
151.3333,150.8488,150.6920,0.15684
151.4167,150.8529,150.7100,0.14287
151.5000,150.8569,150.7100,0.14688
151.5833,150.8609,150.7100,0.15089
151.6667,150.8649,150.7100,0.15490
151.7500,150.8689,150.7280,0.14090
151.8333,150.8729,150.7280,0.14490
151.9167,150.8769,150.7280,0.14889
152.0000,150.8809,150.7280,0.15288
152.0833,150.8849,150.7280,0.15686
152.1667,150.8888,150.7460,0.14284
152.2500,150.8928,150.7460,0.14681
152.3333,150.8968,150.7460,0.15078
152.4167,150.9007,150.7460,0.15475
152.5000,150.9047,150.7460,0.15870
152.5833,150.9087,150.7640,0.14466
152.6667,150.9126,150.7640,0.14861
152.7500,150.9166,150.7640,0.15255
152.8333,150.9205,150.7640,0.15649
152.9167,150.9244,150.7640,0.16043
153.0000,150.9284,150.7820,0.14636
153.0833,150.9323,150.7820,0.15028
153.1667,150.9362,150.7820,0.15421
153.2500,150.9401,150.7820,0.15812
153.3333,150.9440,150.8000,0.14403
153.4167,150.9479,150.8000,0.14794
153.5000,150.9518,150.8000,0.15184
153.5833,150.9557,150.8000,0.15574
153.6667,150.9596,150.8000,0.15963
153.7500,150.9635,150.8180,0.14552
153.8333,150.9674,150.8180,0.14940
153.9167,150.9713,150.8180,0.15328
154.0000,150.9752,150.8180,0.15716
154.0833,150.9790,150.8180,0.16102
154.1667,150.9829,150.8360,0.14689
154.2500,150.9868,150.8360,0.15075
154.3333,150.9906,150.8360,0.15460
154.4167,150.9945,150.8360,0.15846
154.5000,150.9983,150.8360,0.16230
154.5833,151.0021,150.8540,0.14814
154.6667,151.0060,150.8540,0.15198
154.7500,151.0098,150.8540,0.15582
154.8333,151.0136,150.8540,0.15964
154.9167,151.0175,150.8540,0.16347
155.0000,151.0213,150.8720,0.14929
155.0833,151.0251,150.8720,0.15310
155.1667,151.0289,150.8720,0.15691
155.2500,151.0327,150.8720,0.16072
155.3333,151.0365,150.8720,0.16452
155.4167,151.0403,150.8900,0.15032
155.5000,151.0441,150.8900,0.15411
155.5833,151.0479,150.8900,0.15789
155.6667,151.0517,150.8900,0.16168
155.7500,151.0555,150.8900,0.16546
155.8333,151.0592,150.9080,0.15123
155.9167,151.0630,150.9080,0.15500
156.0000,151.0668,150.9080,0.15877
156.0833,151.0705,150.9080,0.16252
156.1667,151.0743,150.9080,0.16628
156.2500,151.0780,150.9260,0.15203
156.3333,151.0818,150.9260,0.15578
156.4167,151.0855,150.9260,0.15953
156.5000,151.0893,150.9260,0.16326
156.5833,151.0930,150.9260,0.16700
156.6667,151.0967,150.9440,0.15273
156.7500,151.1005,150.9440,0.15645
156.8333,151.1042,150.9440,0.16017
156.9167,151.1079,150.9440,0.16389
157.0000,151.1116,150.9440,0.16760
157.0833,151.1153,150.9620,0.15331
157.1667,151.1190,150.9620,0.15702
157.2500,151.1227,150.9620,0.16072
157.3333,151.1264,150.9620,0.16441
157.4167,151.1301,150.9620,0.16810
157.5000,151.1338,150.9800,0.15379
157.5833,151.1375,150.9800,0.15747
157.6667,151.1412,150.9800,0.16115
157.7500,151.1448,150.9800,0.16482
157.8333,151.1485,150.9800,0.16849
157.9167,151.1522,150.9980,0.15416
158.0000,151.1558,150.9980,0.15782
158.0833,151.1595,150.9980,0.16147
158.1667,151.1631,150.9980,0.16513
158.2500,151.1668,150.9980,0.16878
158.3333,151.1704,151.0160,0.15442
158.4167,151.1741,151.0160,0.15806
158.5000,151.1777,151.0160,0.16170
158.5833,151.1813,151.0160,0.16533
158.6667,151.1850,151.0160,0.16896
158.7500,151.1886,151.0340,0.15458
158.8333,151.1922,151.0340,0.15819
158.9167,151.1958,151.0340,0.16181
159.0000,151.1994,151.0340,0.16542
159.0833,151.2030,151.0340,0.16903
159.1667,151.2066,151.0520,0.15463
159.2500,151.2102,151.0520,0.15823
159.3333,151.2138,151.0520,0.16182
159.4167,151.2174,151.0520,0.16541
159.5000,151.2210,151.0520,0.16900
159.5833,151.2246,151.0520,0.17258
159.6667,151.2282,151.0700,0.15816
159.7500,151.2317,151.0700,0.16173
159.8333,151.2353,151.0700,0.16529
159.9167,151.2389,151.0700,0.16886
160.0000,151.2424,151.0700,0.17242
160.0833,151.2460,151.0880,0.15798
160.1667,151.2495,151.0880,0.16153
160.2500,151.2531,151.0880,0.16508
160.3333,151.2566,151.0880,0.16862
160.4167,151.2602,151.0880,0.17217
160.5000,151.2637,151.1060,0.15770
160.5833,151.2672,151.1060,0.16123
160.6667,151.2708,151.1060,0.16476
160.7500,151.2743,151.1060,0.16829
160.8333,151.2778,151.1060,0.17180
160.9167,151.2813,151.1060,0.17532
161.0000,151.2848,151.1240,0.16083
161.0833,151.2883,151.1240,0.16434
161.1667,151.2918,151.1240,0.16785
161.2500,151.2953,151.1240,0.17135
161.3333,151.2988,151.1240,0.17484
161.4167,151.3023,151.1420,0.16034
161.5000,151.3058,151.1420,0.16382
161.5833,151.3093,151.1420,0.16731
161.6667,151.3128,151.1420,0.17079
161.7500,151.3163,151.1420,0.17427
161.8333,151.3197,151.1600,0.15974
161.9167,151.3232,151.1600,0.16321
162.0000,151.3267,151.1600,0.16667
162.0833,151.3301,151.1600,0.17013
162.1667,151.3336,151.1600,0.17359
162.2500,151.3370,151.1600,0.17704
162.3333,151.3405,151.1780,0.16249
162.4167,151.3439,151.1780,0.16594
162.5000,151.3474,151.1780,0.16938
162.5833,151.3508,151.1780,0.17281
162.6667,151.3542,151.1780,0.17625
162.7500,151.3577,151.1960,0.16168
162.8333,151.3611,151.1960,0.16510
162.9167,151.3645,151.1960,0.16853
163.0000,151.3679,151.1960,0.17194
163.0833,151.3714,151.1960,0.17536
163.1667,151.3748,151.1960,0.17877
163.2500,151.3782,151.2140,0.16417
163.3333,151.3816,151.2140,0.16758
163.4167,151.3850,151.2140,0.17098
163.5000,151.3884,151.2140,0.17437
163.5833,151.3918,151.2140,0.17776
163.6667,151.3952,151.2320,0.16315
163.7500,151.3985,151.2320,0.16653
163.8333,151.4019,151.2320,0.16991
163.9167,151.4053,151.2320,0.17329
164.0000,151.4087,151.2320,0.17666
164.0833,151.4120,151.2320,0.18003
164.1667,151.4154,151.2500,0.16540
164.2500,151.4188,151.2500,0.16876
164.3333,151.4221,151.2500,0.17211
164.4167,151.4255,151.2500,0.17547
164.5000,151.4288,151.2500,0.17882
164.5833,151.4322,151.2680,0.16416
164.6667,151.4355,151.2680,0.16751
164.7500,151.4388,151.2680,0.17084
164.8333,151.4422,151.2680,0.17418
164.9167,151.4455,151.2680,0.17751
165.0000,151.4488,151.2680,0.18084
165.0833,151.4522,151.2860,0.16616
165.1667,151.4555,151.2860,0.16948
165.2500,151.4588,151.2860,0.17280
165.3333,151.4621,151.2860,0.17611
165.4167,151.4654,151.2860,0.17942
165.5000,151.4687,151.2860,0.18272
165.5833,151.4720,151.3040,0.16803
165.6667,151.4753,151.3040,0.17133
165.7500,151.4786,151.3040,0.17462
165.8333,151.4819,151.3040,0.17791
165.9167,151.4852,151.3040,0.18120
166.0000,151.4885,151.3220,0.16648
166.0833,151.4918,151.3220,0.16976
166.1667,151.4950,151.3220,0.17304
166.2500,151.4983,151.3220,0.17631
166.3333,151.5016,151.3220,0.17958
166.4167,151.5048,151.3220,0.18285
166.5000,151.5081,151.3400,0.16811
166.5833,151.5114,151.3400,0.17136
166.6667,151.5146,151.3400,0.17462
166.7500,151.5179,151.3400,0.17787
166.8333,151.5211,151.3400,0.18112
166.9167,151.5244,151.3400,0.18436
167.0000,151.5276,151.3580,0.16960
167.0833,151.5308,151.3580,0.17284
167.1667,151.5341,151.3580,0.17607
167.2500,151.5373,151.3580,0.17930
167.3333,151.5405,151.3580,0.18253
167.4167,151.5438,151.3580,0.18575
167.5000,151.5470,151.3760,0.17097
167.5833,151.5502,151.3760,0.17419
167.6667,151.5534,151.3760,0.17740
167.7500,151.5566,151.3760,0.18061
167.8333,151.5598,151.3760,0.18381
167.9167,151.5630,151.3760,0.18702
168.0000,151.5662,151.3940,0.17221
