time_hrs,T_center_F_adiabatic,T_max_xs_F,T_ambient_F
0.0833,73.0040,73.1660,73.0040
0.1667,73.0040,73.3100,73.0040
0.2500,73.0040,73.4540,73.0040
0.3333,73.0040,73.5800,73.0040
0.4167,73.0220,73.7240,73.0040
0.5000,73.0400,73.8680,73.0040
0.5833,73.0580,74.0300,73.0040
0.6667,73.0940,74.1740,73.0040
0.7500,73.1120,74.3360,73.0040
0.8333,73.1660,74.4980,73.0040
0.9167,73.2020,74.6600,73.0040
1.0000,73.2560,74.8220,73.0040
1.0833,73.3100,74.9840,73.0040
1.1667,73.3640,75.1640,73.0040
1.2500,73.4360,75.3260,73.0040
1.3333,73.5080,75.5060,73.0040
1.4167,73.5800,75.6680,73.0040
1.5000,73.6520,75.8480,73.0040
1.5833,73.7240,76.0280,73.0040
1.6667,73.8140,76.1900,73.0040
1.7500,73.8860,76.3700,73.0040
1.8333,73.9760,76.5500,73.0040
1.9167,74.0660,76.7300,73.0040
2.0000,74.1560,76.8920,73.0040
2.0833,74.2460,77.0720,73.0040
2.1667,74.3540,77.2520,73.0040
2.2500,74.4440,77.4140,73.0040
2.3333,74.5340,77.5940,73.0040
2.4167,74.6420,77.7740,73.0040
2.5000,74.7500,77.9360,73.0040
2.5833,74.8580,78.1160,73.0040
2.6667,74.9480,78.2780,73.0040
2.7500,75.0560,78.4580,73.0040
2.8333,75.1640,78.6200,73.0040
2.9167,75.2720,78.8000,73.0040
3.0000,75.3800,78.9620,73.0040
3.0833,75.5060,79.1240,73.0040
3.1667,75.6140,79.3040,73.0040
3.2500,75.7220,79.4660,73.0040
3.3333,75.8300,79.6280,73.0040
3.4167,75.9560,79.7900,73.0040
3.5000,76.0640,79.9520,73.0040
3.5833,76.1720,80.1140,73.0040
3.6667,76.2980,80.2760,73.0040
3.7500,76.4060,80.4200,73.0040
3.8333,76.5320,80.5820,73.0040
3.9167,76.6400,80.7440,73.0040
4.0000,76.7660,80.8880,73.0040
4.0833,76.8920,81.0500,73.0040
4.1667,77.0000,81.1940,73.0040
4.2500,77.1260,81.3380,73.0040
4.3333,77.2520,81.4820,73.0040
4.4167,77.3600,81.6260,73.0040
4.5000,77.4860,81.7700,73.0040
4.5833,77.6120,81.9140,73.0040
4.6667,77.7200,82.0580,73.0040
4.7500,77.8460,82.2020,73.0040
4.8333,77.9720,82.3460,73.0040
4.9167,78.0980,82.4720,73.0040
5.0000,78.2060,82.6160,73.0040
5.0833,78.3320,82.7420,73.0040
5.1667,78.4580,82.8860,73.0040
5.2500,78.5840,83.0120,73.0040
5.3333,78.7100,83.1380,73.0040
5.4167,78.8360,83.2640,73.0040
5.5000,78.9440,83.3900,73.0040
5.5833,79.0700,83.5160,73.0040
5.6667,79.1960,83.6420,73.0040
5.7500,79.3220,83.7680,73.0040
5.8333,79.4480,83.8760,73.0040
5.9167,79.5740,84.0020,73.0040
6.0000,79.7000,84.1100,73.0040
6.0833,79.8080,84.2360,73.0040
6.1667,79.9340,84.3440,73.0040
6.2500,80.0600,84.4700,73.0040
6.3333,80.1860,84.5780,73.0040
6.4167,80.3120,84.6860,73.0040
6.5000,80.4380,84.7940,73.0040
6.5833,80.5640,84.9020,73.0040
6.6667,80.6720,85.0280,73.0040
6.7500,80.7980,85.1360,73.0040
6.8333,80.9240,85.2440,73.0040
6.9167,81.0500,85.3520,73.0040
7.0000,81.1760,85.4600,73.0040
7.0833,81.3020,85.5680,73.0040
7.1667,81.4280,85.6760,73.0040
7.2500,81.5360,85.7660,73.0040
7.3333,81.6620,85.8740,73.0040
7.4167,81.7880,85.9640,73.0040
7.5000,81.9140,86.0720,73.0040
7.5833,82.0400,86.1620,73.0040
7.6667,82.1660,86.2520,73.0040
7.7500,82.2740,86.3420,73.0040
7.8333,82.4000,86.4320,73.0040
7.9167,82.5260,86.5220,73.0040
8.0000,82.6520,86.6120,73.0040
8.0833,82.7780,86.7020,73.0040
8.1667,82.9040,86.7920,73.0040
8.2500,83.0120,86.8640,73.0040
8.3333,83.1380,86.9540,73.0040
8.4167,83.2640,87.0440,73.0040
8.5000,83.3900,87.1160,73.0040
8.5833,83.4980,87.2060,73.0040
8.6667,83.6240,87.2960,73.0040
8.7500,83.7500,87.3680,73.0040
8.8333,83.8760,87.4580,73.0040
8.9167,83.9840,87.5480,73.0040
9.0000,84.1100,87.6380,73.0040
9.0833,84.2360,87.7100,73.0040
9.1667,84.3620,87.8000,73.0040
9.2500,84.4700,87.8720,73.0040
9.3333,84.5960,87.9440,73.0040
9.4167,84.7220,88.0340,73.0040
9.5000,84.8300,88.1060,73.0040
9.5833,84.9560,88.1780,73.0040
9.6667,85.0820,88.2500,73.0040
9.7500,85.1900,88.3040,73.0040
9.8333,85.3160,88.3760,73.0040
9.9167,85.4420,88.4480,73.0040
10.0000,85.5500,88.5020,73.0040
10.0833,85.6760,88.5740,73.0040
10.1667,85.8020,88.6280,73.0040
10.2500,85.9100,88.6820,73.0040
10.3333,86.0360,88.7540,73.0040
10.4167,86.1440,88.8080,73.0040
10.5000,86.2700,88.8800,73.0040
10.5833,86.3960,88.9340,73.0040
10.6667,86.5040,89.0060,73.0040
10.7500,86.6300,89.0600,73.0040
10.8333,86.7380,89.1320,73.0040
10.9167,86.8640,89.1860,73.0040
11.0000,86.9720,89.2580,73.0040
11.0833,87.0980,89.3120,73.0040
11.1667,87.2060,89.3660,73.0040
11.2500,87.3320,89.4380,73.0040
11.3333,87.4400,89.4920,73.0040
11.4167,87.5660,89.5460,73.0040
11.5000,87.6740,89.6000,73.0040
11.5833,87.8000,89.6720,73.0040
11.6667,87.9080,89.7260,73.0040
11.7500,88.0340,89.7800,73.0040
11.8333,88.1420,89.8340,73.0040
11.9167,88.2680,89.8880,73.0040
12.0000,88.3760,89.9240,73.0040
12.0833,88.5020,89.9780,73.0040
12.1667,88.6100,90.1040,73.0040
12.2500,88.7180,90.2120,73.0040
12.3333,88.8440,90.3200,73.0040
12.4167,88.9520,90.4280,73.0040
12.5000,89.0780,90.5540,73.0040
12.5833,89.1860,90.6620,73.0040
12.6667,89.2940,90.7700,73.0040
12.7500,89.4200,90.8780,73.0040
12.8333,89.5280,90.9860,73.0040
12.9167,89.6360,91.0940,73.0040
13.0000,89.7620,91.2020,73.0040
13.0833,89.8700,91.3100,73.0040
13.1667,89.9780,91.4180,73.0040
13.2500,90.0860,91.5260,73.0040
13.3333,90.2120,91.6340,73.0040
13.4167,90.3200,91.7420,73.0040
13.5000,90.4280,91.8500,73.0040
13.5833,90.5360,91.9580,73.0040
13.6667,90.6620,92.0480,73.0040
13.7500,90.7700,92.1560,73.0040
13.8333,90.8780,92.2640,73.0040
13.9167,90.9860,92.3720,73.0040
14.0000,91.1120,92.4620,73.0040
14.0833,91.2200,92.5700,73.0040
14.1667,91.3280,92.6780,73.0040
14.2500,91.4360,92.7680,73.0040
14.3333,91.5440,92.8760,73.0040
14.4167,91.6520,92.9840,73.0040
14.5000,91.7780,93.0740,73.0040
14.5833,91.8860,93.1820,73.0040
14.6667,91.9940,93.2720,73.0040
14.7500,92.1020,93.3620,73.0040
14.8333,92.2100,93.4700,73.0040
14.9167,92.3180,93.5600,73.0040
15.0000,92.4260,93.6680,73.0040
15.0833,92.5340,93.7580,73.0040
15.1667,92.6420,93.8480,73.0040
15.2500,92.7500,93.9380,73.0040
15.3333,92.8580,94.0460,73.0040
15.4167,92.9660,94.1360,73.0040
15.5000,93.0740,94.2260,73.0040
15.5833,93.1820,94.3160,73.0040
15.6667,93.2900,94.4060,73.0040
15.7500,93.3980,94.4960,73.0040
15.8333,93.5060,94.5860,73.0040
15.9167,93.6140,94.6940,73.0040
16.0000,93.7220,94.7840,73.0040
16.0833,93.8300,94.8560,73.0040
16.1667,93.9380,94.9460,73.0040
16.2500,94.0460,95.0360,73.0040
16.3333,94.1540,95.1260,73.0040
16.4167,94.2620,95.2160,73.0040
16.5000,94.3700,95.3060,73.0040
16.5833,94.4780,95.3960,73.0040
16.6667,94.5860,95.4860,73.0040
16.7500,94.6940,95.5580,73.0040
16.8333,94.7840,95.6480,73.0040
16.9167,94.8920,95.7380,73.0040
17.0000,95.0000,95.8280,73.0040
17.0833,95.1080,95.9000,73.0040
17.1667,95.2160,95.9900,73.0040
17.2500,95.3240,96.0620,73.0040
17.3333,95.4140,96.1520,73.0040
17.4167,95.5220,96.2420,73.0040
17.5000,95.6300,96.3140,73.0040
17.5833,95.7380,96.4040,73.0040
17.6667,95.8460,96.4760,73.0040
17.7500,95.9360,96.5660,73.0040
17.8333,96.0440,96.6380,73.0040
17.9167,96.1520,96.7460,73.0040
18.0000,96.2600,96.8360,73.0040
18.0833,96.3500,96.9440,73.0040
18.1667,96.4580,97.0520,73.0040
18.2500,96.5660,97.1420,73.0040
18.3333,96.6560,97.2500,73.0040
18.4167,96.7640,97.3400,73.0040
18.5000,96.8720,97.4480,73.0040
18.5833,96.9620,97.5560,73.0040
18.6667,97.0700,97.6460,73.0040
18.7500,97.1780,97.7540,73.0040
18.8333,97.2680,97.8440,73.0040
18.9167,97.3760,97.9520,73.0040
19.0000,97.4840,98.0420,73.0040
19.0833,97.5740,98.1500,73.0040
19.1667,97.6820,98.2400,73.0040
19.2500,97.7720,98.3480,73.0040
19.3333,97.8800,98.4380,73.0040
19.4167,97.9880,98.5280,73.0040
19.5000,98.0780,98.6360,73.0040
19.5833,98.1860,98.7260,73.0040
19.6667,98.2760,98.8340,73.0040
19.7500,98.3840,98.9240,73.0040
19.8333,98.4740,99.0140,73.0040
19.9167,98.5820,99.1220,73.0040
20.0000,98.6720,99.2120,73.0040
20.0833,98.7800,99.3020,73.0040
20.1667,98.8700,99.4100,73.0040
20.2500,98.9780,99.5000,73.0040
20.3333,99.0680,99.5900,73.0040
20.4167,99.1760,99.6800,73.0040
20.5000,99.2660,99.7700,73.0040
20.5833,99.3740,99.8780,73.0040
20.6667,99.4640,99.9680,73.0040
20.7500,99.5720,100.0580,73.0040
20.8333,99.6620,100.1480,73.0040
20.9167,99.7520,100.2380,73.0040
21.0000,99.8600,100.3280,73.0040
21.0833,99.9500,100.4360,73.0040
21.1667,100.0580,100.5260,73.0040
21.2500,100.1480,100.6160,73.0040
21.3333,100.2380,100.7060,73.0040
21.4167,100.3460,100.7960,73.0040
21.5000,100.4360,100.8860,73.0040
21.5833,100.5260,100.9760,73.0040
21.6667,100.6340,101.0660,73.0040
21.7500,100.7240,101.1560,73.0040
21.8333,100.8140,101.2460,73.0040
21.9167,100.9220,101.3360,73.0040
22.0000,101.0120,101.4260,73.0040
22.0833,101.1020,101.5160,73.0040
22.1667,101.1920,101.6060,73.0040
22.2500,101.3000,101.6780,73.0040
22.3333,101.3900,101.7680,73.0040
22.4167,101.4800,101.8580,73.0040
22.5000,101.5700,101.9480,73.0040
22.5833,101.6780,102.0380,73.0040
22.6667,101.7680,102.1280,73.0040
22.7500,101.8580,102.2000,73.0040
22.8333,101.9480,102.2900,73.0040
22.9167,102.0560,102.3800,73.0040
23.0000,102.1460,102.4700,73.0040
23.0833,102.2360,102.5600,73.0040
23.1667,102.3260,102.6320,73.0040
23.2500,102.4160,102.7220,73.0040
23.3333,102.5060,102.8120,73.0040
23.4167,102.6140,102.8840,73.0040
23.5000,102.7040,102.9740,73.0040
23.5833,102.7940,103.0640,73.0040
23.6667,102.8840,103.1360,73.0040
23.7500,102.9740,103.2260,73.0040
23.8333,103.0640,103.3160,73.0040
23.9167,103.1540,103.4060,73.0040
24.0000,103.2440,103.4960,73.0040
24.0833,103.3340,103.5860,73.0040
24.1667,103.4240,103.6760,73.0040
24.2500,103.5140,103.7660,73.0040
24.3333,103.6220,103.8560,73.0040
24.4167,103.7120,103.9460,73.0040
24.5000,103.8020,104.0360,73.0040
24.5833,103.8920,104.1260,73.0040
24.6667,103.9820,104.2160,73.0040
24.7500,104.0720,104.3060,73.0040
24.8333,104.1620,104.3960,73.0040
24.9167,104.2520,104.4860,73.0040
25.0000,104.3420,104.5760,73.0040
25.0833,104.4320,104.6660,73.0040
25.1667,104.5220,104.7560,73.0040
25.2500,104.6120,104.8460,73.0040
25.3333,104.6840,104.9180,73.0040
25.4167,104.7740,105.0080,73.0040
25.5000,104.8640,105.0980,73.0040
25.5833,104.9540,105.1880,73.0040
25.6667,105.0440,105.2780,73.0040
25.7500,105.1340,105.3680,73.0040
25.8333,105.2240,105.4580,73.0040
25.9167,105.3140,105.5300,73.0040
26.0000,105.4040,105.6200,73.0040
26.0833,105.4940,105.7100,73.0040
26.1667,105.5660,105.8000,73.0040
26.2500,105.6560,105.8900,73.0040
26.3333,105.7460,105.9620,73.0040
26.4167,105.8360,106.0520,73.0040
26.5000,105.9260,106.1420,73.0040
26.5833,106.0160,106.2140,73.0040
26.6667,106.1060,106.3040,73.0040
26.7500,106.1780,106.3940,73.0040
26.8333,106.2680,106.4840,73.0040
26.9167,106.3580,106.5560,73.0040
27.0000,106.4480,106.6460,73.0040
27.0833,106.5200,106.7360,73.0040
27.1667,106.6100,106.8080,73.0040
27.2500,106.7000,106.8980,73.0040
27.3333,106.7900,106.9880,73.0040
27.4167,106.8800,107.0600,73.0040
27.5000,106.9520,107.1500,73.0040
27.5833,107.0420,107.2220,73.0040
27.6667,107.1320,107.3120,73.0040
27.7500,107.2040,107.4020,73.0040
27.8333,107.2940,107.4740,73.0040
27.9167,107.3840,107.5640,73.0040
28.0000,107.4740,107.6360,73.0040
28.0833,107.5460,107.7260,73.0040
28.1667,107.6360,107.7980,73.0040
28.2500,107.7260,107.8880,73.0040
28.3333,107.7980,107.9600,73.0040
28.4167,107.8880,108.0500,73.0040
28.5000,107.9600,108.1220,73.0040
28.5833,108.0500,108.2120,73.0040
28.6667,108.1400,108.2840,73.0040
28.7500,108.2120,108.3740,73.0040
28.8333,108.3020,108.4460,73.0040
28.9167,108.3920,108.5360,73.0040
29.0000,108.4640,108.6080,73.0040
29.0833,108.5540,108.6800,73.0040
29.1667,108.6260,108.7700,73.0040
29.2500,108.7160,108.8420,73.0040
29.3333,108.8060,108.9320,73.0040
29.4167,108.8780,109.0040,73.0040
29.5000,108.9680,109.0760,73.0040
29.5833,109.0400,109.1660,73.0040
29.6667,109.1300,109.2380,73.0040
29.7500,109.2020,109.3100,73.0040
29.8333,109.2920,109.4000,73.0040
29.9167,109.3640,109.4720,73.0040
30.0000,109.4540,109.5620,73.0040
30.0833,109.5260,109.6340,73.0040
30.1667,109.6160,109.7240,73.0040
30.2500,109.6880,109.7960,73.0040
30.3333,109.7780,109.8860,73.0040
30.4167,109.8500,109.9580,73.0040
30.5000,109.9400,110.0480,73.0040
30.5833,110.0120,110.1200,73.0040
30.6667,110.1020,110.1920,73.0040
30.7500,110.1740,110.2820,73.0040
30.8333,110.2460,110.3540,73.0040
30.9167,110.3360,110.4440,73.0040
31.0000,110.4080,110.5160,73.0040
31.0833,110.4980,110.5880,73.0040
31.1667,110.5700,110.6780,73.0040
31.2500,110.6420,110.7500,73.0040
31.3333,110.7320,110.8400,73.0040
31.4167,110.8040,110.9120,73.0040
31.5000,110.8940,110.9840,73.0040
31.5833,110.9660,111.0740,73.0040
31.6667,111.0380,111.1460,73.0040
31.7500,111.1280,111.2180,73.0040
31.8333,111.2000,111.3080,73.0040
31.9167,111.2720,111.3800,73.0040
32.0000,111.3620,111.4520,73.0040
32.0833,111.4340,111.5420,73.0040
32.1667,111.5060,111.6140,73.0040
32.2500,111.5960,111.6860,73.0040
32.3333,111.6680,111.7580,73.0040
32.4167,111.7400,111.8480,73.0040
32.5000,111.8300,111.9200,73.0040
32.5833,111.9020,111.9920,73.0040
32.6667,111.9740,112.0640,73.0040
32.7500,112.0460,112.1540,73.0040
32.8333,112.1360,112.2260,73.0040
32.9167,112.2080,112.2980,73.0040
33.0000,112.2800,112.3700,73.0040
33.0833,112.3520,112.4420,73.0040
33.1667,112.4420,112.5320,73.0040
33.2500,112.5140,112.6040,73.0040
33.3333,112.5860,112.6760,73.0040
33.4167,112.6580,112.7480,73.0040
33.5000,112.7300,112.8200,73.0040
33.5833,112.8200,112.8920,73.0040
33.6667,112.8920,112.9640,73.0040
33.7500,112.9640,113.0540,73.0040
33.8333,113.0360,113.1260,73.0040
33.9167,113.1080,113.1980,73.0040
34.0000,113.1980,113.2700,73.0040
34.0833,113.2700,113.3420,73.0040
34.1667,113.3420,113.4140,73.0040
34.2500,113.4140,113.4860,73.0040
34.3333,113.4860,113.5580,73.0040
34.4167,113.5580,113.6300,73.0040
34.5000,113.6300,113.7020,73.0040
34.5833,113.7020,113.7920,73.0040
34.6667,113.7920,113.8640,73.0040
34.7500,113.8640,113.9360,73.0040
34.8333,113.9360,114.0080,73.0040
34.9167,114.0080,114.0800,73.0040
35.0000,114.0800,114.1520,73.0040
35.0833,114.1520,114.2240,73.0040
35.1667,114.2240,114.2960,73.0040
35.2500,114.2960,114.3680,73.0040
35.3333,114.3680,114.4400,73.0040
35.4167,114.4400,114.5120,73.0040
35.5000,114.5120,114.5840,73.0040
35.5833,114.5840,114.6560,73.0040
35.6667,114.6560,114.7100,73.0040
35.7500,114.7280,114.7820,73.0040
35.8333,114.8000,114.8540,73.0040
35.9167,114.8720,114.9260,73.0040
36.0000,114.9440,114.9980,73.0040
36.0833,115.0160,115.0700,73.0040
36.1667,115.0880,115.1420,73.0040
36.2500,115.1600,115.2140,73.0040
36.3333,115.2320,115.2860,73.0040
36.4167,115.3040,115.3580,73.0040
36.5000,115.3760,115.4300,73.0040
36.5833,115.4480,115.5020,73.0040
36.6667,115.5200,115.5740,73.0040
36.7500,115.5920,115.6460,73.0040
36.8333,115.6640,115.7180,73.0040
36.9167,115.7360,115.7900,73.0040
37.0000,115.8080,115.8620,73.0040
37.0833,115.8800,115.9340,73.0040
37.1667,115.9520,115.9880,73.0040
37.2500,116.0240,116.0600,73.0040
37.3333,116.0960,116.1320,73.0040
37.4167,116.1500,116.2040,73.0040
37.5000,116.2220,116.2760,73.0040
37.5833,116.2940,116.3480,73.0040
37.6667,116.3660,116.4200,73.0040
37.7500,116.4380,116.4920,73.0040
37.8333,116.5100,116.5460,73.0040
37.9167,116.5820,116.6180,73.0040
38.0000,116.6540,116.6900,73.0040
38.0833,116.7080,116.7620,73.0040
38.1667,116.7800,116.8340,73.0040
38.2500,116.8520,116.9060,73.0040
38.3333,116.9240,116.9600,73.0040
38.4167,116.9960,117.0320,73.0040
38.5000,117.0680,117.1040,73.0040
38.5833,117.1220,117.1760,73.0040
38.6667,117.1940,117.2480,73.0040
38.7500,117.2660,117.3020,73.0040
38.8333,117.3380,117.3740,73.0040
38.9167,117.3920,117.4460,73.0040
39.0000,117.4640,117.5180,73.0040
39.0833,117.5360,117.5720,73.0040
39.1667,117.6080,117.6440,73.0040
39.2500,117.6800,117.7160,73.0040
39.3333,117.7340,117.7880,73.0040
39.4167,117.8060,117.8420,73.0040
39.5000,117.8780,117.9140,73.0040
39.5833,117.9500,117.9860,73.0040
39.6667,118.0040,118.0400,73.0040
39.7500,118.0760,118.1120,73.0040
39.8333,118.1480,118.1840,73.0040
39.9167,118.2020,118.2560,73.0040
40.0000,118.2740,118.3100,73.0040
40.0833,118.3460,118.3820,73.0040
40.1667,118.4000,118.4540,73.0040
40.2500,118.4720,118.5080,73.0040
40.3333,118.5440,118.5800,73.0040
40.4167,118.6160,118.6520,73.0040
40.5000,118.6700,118.7060,73.0040
40.5833,118.7420,118.7780,73.0040
40.6667,118.8140,118.8320,73.0040
40.7500,118.8680,118.9040,73.0040
40.8333,118.9400,118.9760,73.0040
40.9167,118.9940,119.0300,73.0040
41.0000,119.0660,119.1020,73.0040
41.0833,119.1380,119.1560,73.0040
41.1667,119.1920,119.2280,73.0040
41.2500,119.2640,119.3000,73.0040
41.3333,119.3360,119.3540,73.0040
41.4167,119.3900,119.4260,73.0040
41.5000,119.4620,119.4800,73.0040
41.5833,119.5160,119.5520,73.0040
41.6667,119.5880,119.6060,73.0040
41.7500,119.6600,119.6780,73.0040
41.8333,119.7140,119.7500,73.0040
41.9167,119.7860,119.8040,73.0040
42.0000,119.8400,119.8760,73.0040
42.0833,119.9120,119.9300,73.0040
42.1667,119.9660,120.0020,73.0040
42.2500,120.0380,120.0560,73.0040
42.3333,120.0920,120.1280,73.0040
42.4167,120.1640,120.1820,73.0040
42.5000,120.2180,120.2540,73.0040
42.5833,120.2900,120.3080,73.0040
42.6667,120.3620,120.3800,73.0040
42.7500,120.4160,120.4340,73.0040
42.8333,120.4880,120.5060,73.0040
42.9167,120.5420,120.5600,73.0040
43.0000,120.6140,120.6320,73.0040
43.0833,120.6680,120.6860,73.0040
43.1667,120.7400,120.7580,73.0040
43.2500,120.7940,120.8120,73.0040
43.3333,120.8480,120.8840,73.0040
43.4167,120.9200,120.9380,73.0040
43.5000,120.9740,121.0100,73.0040
43.5833,121.0460,121.0640,73.0040
43.6667,121.1000,121.1360,73.0040
43.7500,121.1720,121.1900,73.0040
43.8333,121.2260,121.2440,73.0040
43.9167,121.2980,121.3160,73.0040
44.0000,121.3520,121.3700,73.0040
44.0833,121.4240,121.4420,73.0040
44.1667,121.4780,121.4960,73.0040
44.2500,121.5320,121.5680,73.0040
44.3333,121.6040,121.6220,73.0040
44.4167,121.6580,121.6760,73.0040
44.5000,121.7300,121.7480,73.0040
44.5833,121.7840,121.8020,73.0040
44.6667,121.8380,121.8560,73.0040
44.7500,121.9100,121.9280,73.0040
44.8333,121.9640,121.9820,73.0040
44.9167,122.0180,122.0540,73.0040
45.0000,122.0900,122.1080,73.0040
45.0833,122.1440,122.1620,73.0040
45.1667,122.2160,122.2340,73.0040
45.2500,122.2700,122.2880,73.0040
45.3333,122.3240,122.3420,73.0040
45.4167,122.3960,122.4140,73.0040
45.5000,122.4500,122.4680,73.0040
45.5833,122.5040,122.5220,73.0040
45.6667,122.5760,122.5940,73.0040
45.7500,122.6300,122.6480,73.0040
45.8333,122.6840,122.7020,73.0040
45.9167,122.7560,122.7740,73.0040
46.0000,122.8100,122.8280,73.0040
46.0833,122.8640,122.8820,73.0040
46.1667,122.9180,122.9360,73.0040
46.2500,122.9900,123.0080,73.0040
46.3333,123.0440,123.0620,73.0040
46.4167,123.0980,123.1160,73.0040
46.5000,123.1700,123.1880,73.0040
46.5833,123.2240,123.2420,73.0040
46.6667,123.2780,123.2960,73.0040
46.7500,123.3320,123.3500,73.0040
46.8333,123.4040,123.4220,73.0040
46.9167,123.4580,123.4760,73.0040
47.0000,123.5120,123.5300,73.0040
47.0833,123.5660,123.5840,73.0040
47.1667,123.6380,123.6380,73.0040
47.2500,123.6920,123.7100,73.0040
47.3333,123.7460,123.7640,73.0040
47.4167,123.8000,123.8180,73.0040
47.5000,123.8540,123.8720,73.0040
47.5833,123.9260,123.9260,73.0040
47.6667,123.9800,123.9980,73.0040
47.7500,124.0340,124.0520,73.0040
47.8333,124.0880,124.1060,73.0040
47.9167,124.1420,124.1600,73.0040
48.0000,124.2140,124.2140,73.0040
48.0833,124.2680,124.2860,73.0040
48.1667,124.3220,124.3400,73.0040
48.2500,124.3760,124.3940,73.0040
48.3333,124.4300,124.4480,73.0040
48.4167,124.4840,124.5020,73.0040
48.5000,124.5560,124.5560,73.0040
48.5833,124.6100,124.6100,73.0040
48.6667,124.6640,124.6820,73.0040
48.7500,124.7180,124.7360,73.0040
48.8333,124.7720,124.7900,73.0040
48.9167,124.8260,124.8440,73.0040
49.0000,124.8800,124.8980,73.0040
49.0833,124.9520,124.9520,73.0040
49.1667,125.0060,125.0060,73.0040
49.2500,125.0600,125.0600,73.0040
49.3333,125.1140,125.1140,73.0040
49.4167,125.1680,125.1860,73.0040
49.5000,125.2220,125.2400,73.0040
49.5833,125.2760,125.2940,73.0040
49.6667,125.3300,125.3480,73.0040
49.7500,125.3840,125.4020,73.0040
49.8333,125.4380,125.4560,73.0040
49.9167,125.4920,125.5100,73.0040
50.0000,125.5640,125.5640,73.0040
50.0833,125.6180,125.6180,73.0040
50.1667,125.6720,125.6720,73.0040
50.2500,125.7260,125.7260,73.0040
50.3333,125.7800,125.7800,73.0040
50.4167,125.8340,125.8340,73.0040
50.5000,125.8880,125.8880,73.0040
50.5833,125.9420,125.9420,73.0040
50.6667,125.9960,126.0140,73.0040
50.7500,126.0500,126.0680,73.0040
50.8333,126.1040,126.1220,73.0040
50.9167,126.1580,126.1760,73.0040
51.0000,126.2120,126.2300,73.0040
51.0833,126.2660,126.2840,73.0040
51.1667,126.3200,126.3380,73.0040
51.2500,126.3740,126.3920,73.0040
51.3333,126.4280,126.4460,73.0040
51.4167,126.4820,126.5000,73.0040
51.5000,126.5360,126.5540,73.0040
51.5833,126.5900,126.6080,73.0040
51.6667,126.6440,126.6440,73.0040
51.7500,126.6980,126.6980,73.0040
51.8333,126.7520,126.7520,73.0040
51.9167,126.8060,126.8060,73.0040
52.0000,126.8600,126.8600,73.0040
52.0833,126.9140,126.9140,73.0040
52.1667,126.9680,126.9680,73.0040
52.2500,127.0220,127.0220,73.0040
52.3333,127.0760,127.0760,73.0040
52.4167,127.1300,127.1300,73.0040
52.5000,127.1660,127.1840,73.0040
52.5833,127.2200,127.2380,73.0040
52.6667,127.2740,127.2920,73.0040
52.7500,127.3280,127.3460,73.0040
52.8333,127.3820,127.4000,73.0040
52.9167,127.4360,127.4540,73.0040
53.0000,127.4900,127.4900,73.0040
53.0833,127.5440,127.5440,73.0040
53.1667,127.5980,127.5980,73.0040
53.2500,127.6520,127.6520,73.0040
53.3333,127.7060,127.7060,73.0040
53.4167,127.7420,127.7600,73.0040
53.5000,127.7960,127.8140,73.0040
53.5833,127.8500,127.8680,73.0040
53.6667,127.9040,127.9040,73.0040
53.7500,127.9580,127.9580,73.0040
53.8333,128.0120,128.0120,73.0040
53.9167,128.0660,128.0660,73.0040
54.0000,128.1200,128.1200,73.0040
54.0833,128.1560,128.1740,73.0040
54.1667,128.2100,128.2280,73.0040
54.2500,128.2640,128.2640,73.0040
54.3333,128.3180,128.3180,73.0040
54.4167,128.3720,128.3720,73.0040
54.5000,128.4260,128.4260,73.0040
54.5833,128.4620,128.4800,73.0040
54.6667,128.5160,128.5340,73.0040
54.7500,128.5700,128.5700,73.0040
54.8333,128.6240,128.6240,73.0040
54.9167,128.6780,128.6780,73.0040
55.0000,128.7140,128.7320,73.0040
55.0833,128.7680,128.7860,73.0040
55.1667,128.8220,128.8220,73.0040
55.2500,128.8760,128.8760,73.0040
55.3333,128.9300,128.9300,73.0040
55.4167,128.9660,128.9840,73.0040
55.5000,129.0200,129.0200,73.0040
55.5833,129.0740,129.0740,73.0040
55.6667,129.1280,129.1280,73.0040
55.7500,129.1640,129.1820,73.0040
55.8333,129.2180,129.2360,73.0040
55.9167,129.2720,129.2720,73.0040
56.0000,129.3260,129.3260,73.0040
56.0833,129.3620,129.3800,73.0040
56.1667,129.4160,129.4340,73.0040
56.2500,129.4700,129.4700,73.0040
56.3333,129.5240,129.5240,73.0040
56.4167,129.5600,129.5780,73.0040
56.5000,129.6140,129.6140,73.0040
56.5833,129.6680,129.6680,73.0040
56.6667,129.7220,129.7220,73.0040
56.7500,129.7580,129.7760,73.0040
56.8333,129.8120,129.8120,73.0040
56.9167,129.8660,129.8660,73.0040
57.0000,129.9020,129.9200,73.0040
57.0833,129.9560,129.9560,73.0040
57.1667,130.0100,130.0100,73.0040
57.2500,130.0640,130.0640,73.0040
57.3333,130.1000,130.1180,73.0040
57.4167,130.1540,130.1540,73.0040
57.5000,130.2080,130.2080,73.0040
57.5833,130.2440,130.2620,73.0040
57.6667,130.2980,130.2980,73.0040
57.7500,130.3520,130.3520,73.0040
57.8333,130.3880,130.4060,73.0040
57.9167,130.4420,130.4420,73.0040
58.0000,130.4960,130.4960,73.0040
58.0833,130.5320,130.5500,73.0040
58.1667,130.5860,130.5860,73.0040
58.2500,130.6400,130.6400,73.0040
58.3333,130.6760,130.6760,73.0040
58.4167,130.7300,130.7300,73.0040
58.5000,130.7840,130.7840,73.0040
58.5833,130.8200,130.8200,73.0040
58.6667,130.8740,130.8740,73.0040
58.7500,130.9100,130.9280,73.0040
58.8333,130.9640,130.9640,73.0040
58.9167,131.0180,131.0180,73.0040
59.0000,131.0540,131.0540,73.0040
59.0833,131.1080,131.1080,73.0040
59.1667,131.1440,131.1620,73.0040
59.2500,131.1980,131.1980,73.0040
59.3333,131.2520,131.2520,73.0040
59.4167,131.2880,131.2880,73.0040
59.5000,131.3420,131.3420,73.0040
59.5833,131.3780,131.3960,73.0040
59.6667,131.4320,131.4320,73.0040
59.7500,131.4860,131.4860,73.0040
59.8333,131.5220,131.5220,73.0040
59.9167,131.5760,131.5760,73.0040
60.0000,131.6120,131.6300,73.0040
60.0833,131.6660,131.6660,73.0040
60.1667,131.7020,131.7200,73.0040
60.2500,131.7560,131.7560,73.0040
60.3333,131.8100,131.8100,73.0040
60.4167,131.8460,131.8460,73.0040
60.5000,131.9000,131.9000,73.0040
60.5833,131.9360,131.9360,73.0040
60.6667,131.9900,131.9900,73.0040
60.7500,132.0260,132.0260,73.0040
60.8333,132.0800,132.0800,73.0040
60.9167,132.1160,132.1160,73.0040
61.0000,132.1700,132.1700,73.0040
61.0833,132.2060,132.2240,73.0040
61.1667,132.2600,132.2600,73.0040
61.2500,132.2960,132.3140,73.0040
61.3333,132.3500,132.3500,73.0040
61.4167,132.3860,132.4040,73.0040
61.5000,132.4400,132.4400,73.0040
61.5833,132.4760,132.4940,73.0040
61.6667,132.5300,132.5300,73.0040
61.7500,132.5660,132.5840,73.0040
61.8333,132.6200,132.6200,73.0040
61.9167,132.6560,132.6740,73.0040
62.0000,132.7100,132.7100,73.0040
62.0833,132.7460,132.7460,73.0040
62.1667,132.8000,132.8000,73.0040
62.2500,132.8360,132.8360,73.0040
62.3333,132.8900,132.8900,73.0040
62.4167,132.9260,132.9260,73.0040
62.5000,132.9800,132.9800,73.0040
62.5833,133.0160,133.0160,73.0040
62.6667,133.0700,133.0700,73.0040
62.7500,133.1060,133.1060,73.0040
62.8333,133.1420,133.1600,73.0040
62.9167,133.1960,133.1960,73.0040
63.0000,133.2320,133.2320,73.0040
63.0833,133.2860,133.2860,73.0040
63.1667,133.3220,133.3220,73.0040
63.2500,133.3760,133.3760,73.0040
63.3333,133.4120,133.4120,73.0040
63.4167,133.4480,133.4660,73.0040
63.5000,133.5020,133.5020,73.0040
63.5833,133.5380,133.5380,73.0040
63.6667,133.5920,133.5920,73.0040
63.7500,133.6280,133.6280,73.0040
63.8333,133.6820,133.6820,73.0040
63.9167,133.7180,133.7180,73.0040
64.0000,133.7540,133.7540,73.0040
64.0833,133.8080,133.8080,73.0040
64.1667,133.8440,133.8440,73.0040
64.2500,133.8980,133.8980,73.0040
64.3333,133.9340,133.9340,73.0040
64.4167,133.9700,133.9700,73.0040
64.5000,134.0240,134.0240,73.0040
64.5833,134.0600,134.0600,73.0040
64.6667,134.0960,134.1140,73.0040
64.7500,134.1500,134.1500,73.0040
64.8333,134.1860,134.1860,73.0040
64.9167,134.2220,134.2400,73.0040
65.0000,134.2760,134.2760,73.0040
65.0833,134.3120,134.3120,73.0040
65.1667,134.3660,134.3660,73.0040
65.2500,134.4020,134.4020,73.0040
65.3333,134.4380,134.4380,73.0040
65.4167,134.4920,134.4920,73.0040
65.5000,134.5280,134.5280,73.0040
65.5833,134.5640,134.5640,73.0040
65.6667,134.6180,134.6180,73.0040
65.7500,134.6540,134.6540,73.0040
65.8333,134.6900,134.6900,73.0040
65.9167,134.7440,134.7440,73.0040
66.0000,134.7800,134.7800,73.0040
66.0833,134.8160,134.8160,73.0040
66.1667,134.8700,134.8700,73.0040
66.2500,134.9060,134.9060,73.0040
66.3333,134.9420,134.9420,73.0040
66.4167,134.9780,134.9960,73.0040
66.5000,135.0320,135.0320,73.0040
66.5833,135.0680,135.0680,73.0040
66.6667,135.1040,135.1040,73.0040
66.7500,135.1580,135.1580,73.0040
66.8333,135.1940,135.1940,73.0040
66.9167,135.2300,135.2300,73.0040
67.0000,135.2660,135.2840,73.0040
67.0833,135.3200,135.3200,73.0040
67.1667,135.3560,135.3560,73.0040
67.2500,135.3920,135.3920,73.0040
67.3333,135.4460,135.4460,73.0040
67.4167,135.4820,135.4820,73.0040
67.5000,135.5180,135.5180,73.0040
67.5833,135.5540,135.5540,73.0040
67.6667,135.6080,135.6080,73.0040
67.7500,135.6440,135.6440,73.0040
67.8333,135.6800,135.6800,73.0040
67.9167,135.7160,135.7160,73.0040
68.0000,135.7700,135.7700,73.0040
68.0833,135.8060,135.8060,73.0040
68.1667,135.8420,135.8420,73.0040
68.2500,135.8780,135.8780,73.0040
68.3333,135.9320,135.9320,73.0040
68.4167,135.9680,135.9680,73.0040
68.5000,136.0040,136.0040,73.0040
68.5833,136.0400,136.0400,73.0040
68.6667,136.0760,136.0940,73.0040
68.7500,136.1300,136.1300,73.0040
68.8333,136.1660,136.1660,73.0040
68.9167,136.2020,136.2020,73.0040
69.0000,136.2380,136.2380,73.0040
69.0833,136.2740,136.2920,73.0040
69.1667,136.3280,136.3280,73.0040
69.2500,136.3640,136.3640,73.0040
69.3333,136.4000,136.4000,73.0040
69.4167,136.4360,136.4360,73.0040
69.5000,136.4720,136.4900,73.0040
69.5833,136.5260,136.5260,73.0040
69.6667,136.5620,136.5620,73.0040
69.7500,136.5980,136.5980,73.0040
69.8333,136.6340,136.6340,73.0040
69.9167,136.6700,136.6700,73.0040
70.0000,136.7240,136.7240,73.0040
70.0833,136.7600,136.7600,73.0040
70.1667,136.7960,136.7960,73.0040
70.2500,136.8320,136.8320,73.0040
70.3333,136.8680,136.8680,73.0040
70.4167,136.9040,136.9040,73.0040
70.5000,136.9580,136.9580,73.0040
70.5833,136.9940,136.9940,73.0040
70.6667,137.0300,137.0300,73.0040
70.7500,137.0660,137.0660,73.0040
70.8333,137.1020,137.1020,73.0040
70.9167,137.1380,137.1380,73.0040
71.0000,137.1740,137.1740,73.0040
71.0833,137.2100,137.2280,73.0040
71.1667,137.2640,137.2640,73.0040
71.2500,137.3000,137.3000,73.0040
71.3333,137.3360,137.3360,73.0040
71.4167,137.3720,137.3720,73.0040
71.5000,137.4080,137.4080,73.0040
71.5833,137.4440,137.4440,73.0040
71.6667,137.4800,137.4800,73.0040
71.7500,137.5160,137.5340,73.0040
71.8333,137.5700,137.5700,73.0040
71.9167,137.6060,137.6060,73.0040
72.0000,137.6420,137.6420,73.0040
72.0833,137.6780,137.6780,73.0040
72.1667,137.7140,137.7140,73.0040
72.2500,137.7500,137.7500,73.0040
72.3333,137.7860,137.7860,73.0040
72.4167,137.8220,137.8220,73.0040
72.5000,137.8580,137.8580,73.0040
72.5833,137.8940,137.8940,73.0040
72.6667,137.9300,137.9480,73.0040
72.7500,137.9840,137.9840,73.0040
72.8333,138.0200,138.0200,73.0040
72.9167,138.0560,138.0560,73.0040
73.0000,138.0920,138.0920,73.0040
73.0833,138.1280,138.1280,73.0040
73.1667,138.1640,138.1640,73.0040
73.2500,138.2000,138.2000,73.0040
73.3333,138.2360,138.2360,73.0040
73.4167,138.2720,138.2720,73.0040
73.5000,138.3080,138.3080,73.0040
73.5833,138.3440,138.3440,73.0040
73.6667,138.3800,138.3800,73.0040
73.7500,138.4160,138.4160,73.0040
73.8333,138.4520,138.4520,73.0040
73.9167,138.4880,138.4880,73.0040
74.0000,138.5240,138.5240,73.0040
74.0833,138.5600,138.5600,73.0040
74.1667,138.5960,138.6140,73.0040
74.2500,138.6500,138.6500,73.0040
74.3333,138.6860,138.6860,73.0040
74.4167,138.7220,138.7220,73.0040
74.5000,138.7580,138.7580,73.0040
74.5833,138.7940,138.7940,73.0040
74.6667,138.8300,138.8300,73.0040
74.7500,138.8660,138.8660,73.0040
74.8333,138.9020,138.9020,73.0040
74.9167,138.9380,138.9380,73.0040
75.0000,138.9740,138.9740,73.0040
75.0833,139.0100,139.0100,73.0040
75.1667,139.0460,139.0460,73.0040
75.2500,139.0820,139.0820,73.0040
75.3333,139.1180,139.1180,73.0040
75.4167,139.1540,139.1540,73.0040
75.5000,139.1900,139.1900,73.0040
75.5833,139.2260,139.2260,73.0040
75.6667,139.2620,139.2620,73.0040
75.7500,139.2980,139.2980,73.0040
75.8333,139.3340,139.3340,73.0040
75.9167,139.3700,139.3700,73.0040
76.0000,139.3880,139.4060,73.0040
76.0833,139.4240,139.4240,73.0040
76.1667,139.4600,139.4600,73.0040
76.2500,139.4960,139.4960,73.0040
76.3333,139.5320,139.5320,73.0040
76.4167,139.5680,139.5680,73.0040
76.5000,139.6040,139.6040,73.0040
76.5833,139.6400,139.6400,73.0040
76.6667,139.6760,139.6760,73.0040
76.7500,139.7120,139.7120,73.0040
76.8333,139.7480,139.7480,73.0040
76.9167,139.7840,139.7840,73.0040
77.0000,139.8200,139.8200,73.0040
77.0833,139.8560,139.8560,73.0040
77.1667,139.8920,139.8920,73.0040
77.2500,139.9280,139.9280,73.0040
77.3333,139.9640,139.9640,73.0040
77.4167,140.0000,140.0000,73.0040
77.5000,140.0360,140.0360,73.0040
77.5833,140.0540,140.0720,73.0040
77.6667,140.0900,140.0900,73.0040
77.7500,140.1260,140.1260,73.0040
77.8333,140.1620,140.1620,73.0040
77.9167,140.1980,140.1980,73.0040
78.0000,140.2340,140.2340,73.0040
78.0833,140.2700,140.2700,73.0040
78.1667,140.3060,140.3060,73.0040
78.2500,140.3420,140.3420,73.0040
78.3333,140.3780,140.3780,73.0040
78.4167,140.4140,140.4140,73.0040
78.5000,140.4500,140.4500,73.0040
78.5833,140.4680,140.4680,73.0040
78.6667,140.5040,140.5040,73.0040
78.7500,140.5400,140.5400,73.0040
78.8333,140.5760,140.5760,73.0040
78.9167,140.6120,140.6120,73.0040
79.0000,140.6480,140.6480,73.0040
79.0833,140.6840,140.6840,73.0040
79.1667,140.7200,140.7200,73.0040
79.2500,140.7380,140.7560,73.0040
79.3333,140.7740,140.7740,73.0040
79.4167,140.8100,140.8100,73.0040
79.5000,140.8460,140.8460,73.0040
79.5833,140.8820,140.8820,73.0040
79.6667,140.9180,140.9180,73.0040
79.7500,140.9540,140.9540,73.0040
79.8333,140.9900,140.9900,73.0040
79.9167,141.0080,141.0080,73.0040
80.0000,141.0440,141.0440,73.0040
80.0833,141.0800,141.0800,73.0040
80.1667,141.1160,141.1160,73.0040
80.2500,141.1520,141.1520,73.0040
80.3333,141.1880,141.1880,73.0040
80.4167,141.2240,141.2240,73.0040
80.5000,141.2420,141.2420,73.0040
80.5833,141.2780,141.2780,73.0040
80.6667,141.3140,141.3140,73.0040
80.7500,141.3500,141.3500,73.0040
80.8333,141.3860,141.3860,73.0040
80.9167,141.4220,141.4220,73.0040
81.0000,141.4400,141.4400,73.0040
81.0833,141.4760,141.4760,73.0040
81.1667,141.5120,141.5120,73.0040
81.2500,141.5480,141.5480,73.0040
81.3333,141.5840,141.5840,73.0040
81.4167,141.6020,141.6020,73.0040
81.5000,141.6380,141.6380,73.0040
81.5833,141.6740,141.6740,73.0040
81.6667,141.7100,141.7100,73.0040
81.7500,141.7460,141.7460,73.0040
81.8333,141.7820,141.7820,73.0040
81.9167,141.8000,141.8000,73.0040
82.0000,141.8360,141.8360,73.0040
82.0833,141.8720,141.8720,73.0040
82.1667,141.9080,141.9080,73.0040
82.2500,141.9260,141.9440,73.0040
82.3333,141.9620,141.9620,73.0040
82.4167,141.9980,141.9980,73.0040
82.5000,142.0340,142.0340,73.0040
82.5833,142.0700,142.0700,73.0040
82.6667,142.0880,142.0880,73.0040
82.7500,142.1240,142.1240,73.0040
82.8333,142.1600,142.1600,73.0040
82.9167,142.1960,142.1960,73.0040
83.0000,142.2320,142.2320,73.0040
83.0833,142.2500,142.2500,73.0040
83.1667,142.2860,142.2860,73.0040
83.2500,142.3220,142.3220,73.0040
83.3333,142.3580,142.3580,73.0040
83.4167,142.3760,142.3760,73.0040
83.5000,142.4120,142.4120,73.0040
83.5833,142.4480,142.4480,73.0040
83.6667,142.4840,142.4840,73.0040
83.7500,142.5020,142.5020,73.0040
83.8333,142.5380,142.5380,73.0040
83.9167,142.5740,142.5740,73.0040
84.0000,142.6100,142.6100,73.0040
84.0833,142.6280,142.6280,73.0040
84.1667,142.6640,142.6640,73.0040
84.2500,142.7000,142.7000,73.0040
84.3333,142.7360,142.7360,73.0040
84.4167,142.7540,142.7540,73.0040
84.5000,142.7900,142.7900,73.0040
84.5833,142.8260,142.8260,73.0040
84.6667,142.8620,142.8620,73.0040
84.7500,142.8800,142.8800,73.0040
84.8333,142.9160,142.9160,73.0040
84.9167,142.9520,142.9520,73.0040
85.0000,142.9700,142.9700,73.0040
85.0833,143.0060,143.0060,73.0040
85.1667,143.0420,143.0420,73.0040
85.2500,143.0780,143.0780,73.0040
85.3333,143.0960,143.0960,73.0040
85.4167,143.1320,143.1320,73.0040
85.5000,143.1680,143.1680,73.0040
85.5833,143.1860,143.1860,73.0040
85.6667,143.2220,143.2220,73.0040
85.7500,143.2580,143.2580,73.0040
85.8333,143.2940,143.2940,73.0040
85.9167,143.3120,143.3120,73.0040
86.0000,143.3480,143.3480,73.0040
86.0833,143.3840,143.3840,73.0040
86.1667,143.4020,143.4020,73.0040
86.2500,143.4380,143.4380,73.0040
86.3333,143.4740,143.4740,73.0040
86.4167,143.4920,143.4920,73.0040
86.5000,143.5280,143.5280,73.0040
86.5833,143.5640,143.5640,73.0040
86.6667,143.5820,143.5820,73.0040
86.7500,143.6180,143.6180,73.0040
86.8333,143.6540,143.6540,73.0040
86.9167,143.6720,143.6720,73.0040
87.0000,143.7080,143.7080,73.0040
87.0833,143.7440,143.7440,73.0040
87.1667,143.7620,143.7620,73.0040
87.2500,143.7980,143.7980,73.0040
87.3333,143.8340,143.8340,73.0040
87.4167,143.8520,143.8520,73.0040
87.5000,143.8880,143.8880,73.0040
87.5833,143.9240,143.9240,73.0040
87.6667,143.9420,143.9420,73.0040
87.7500,143.9780,143.9780,73.0040
87.8333,144.0140,144.0140,73.0040
87.9167,144.0320,144.0320,73.0040
88.0000,144.0680,144.0680,73.0040
88.0833,144.1040,144.1040,73.0040
88.1667,144.1220,144.1220,73.0040
88.2500,144.1580,144.1580,73.0040
88.3333,144.1940,144.1940,73.0040
88.4167,144.2120,144.2120,73.0040
88.5000,144.2480,144.2480,73.0040
88.5833,144.2840,144.2840,73.0040
88.6667,144.3020,144.3020,73.0040
88.7500,144.3380,144.3380,73.0040
88.8333,144.3560,144.3560,73.0040
88.9167,144.3920,144.3920,73.0040
89.0000,144.4280,144.4280,73.0040
89.0833,144.4460,144.4460,73.0040
89.1667,144.4820,144.4820,73.0040
89.2500,144.5180,144.5180,73.0040
89.3333,144.5360,144.5360,73.0040
89.4167,144.5720,144.5720,73.0040
89.5000,144.5900,144.5900,73.0040
89.5833,144.6260,144.6260,73.0040
89.6667,144.6620,144.6620,73.0040
89.7500,144.6800,144.6800,73.0040
89.8333,144.7160,144.7160,73.0040
89.9167,144.7340,144.7340,73.0040
90.0000,144.7700,144.7700,73.0040
90.0833,144.8060,144.8060,73.0040
90.1667,144.8240,144.8240,73.0040
90.2500,144.8600,144.8600,73.0040
90.3333,144.8780,144.8780,73.0040
90.4167,144.9140,144.9140,73.0040
90.5000,144.9500,144.9500,73.0040
90.5833,144.9680,144.9680,73.0040
90.6667,145.0040,145.0040,73.0040
90.7500,145.0220,145.0220,73.0040
90.8333,145.0580,145.0580,73.0040
90.9167,145.0760,145.0760,73.0040
91.0000,145.1120,145.1120,73.0040
91.0833,145.1480,145.1480,73.0040
91.1667,145.1660,145.1660,73.0040
91.2500,145.2020,145.2020,73.0040
91.3333,145.2200,145.2200,73.0040
91.4167,145.2560,145.2560,73.0040
91.5000,145.2740,145.2740,73.0040
91.5833,145.3100,145.3100,73.0040
91.6667,145.3460,145.3460,73.0040
91.7500,145.3640,145.3640,73.0040
91.8333,145.4000,145.4000,73.0040
91.9167,145.4180,145.4180,73.0040
92.0000,145.4540,145.4540,73.0040
92.0833,145.4720,145.4720,73.0040
92.1667,145.5080,145.5080,73.0040
92.2500,145.5260,145.5440,73.0040
92.3333,145.5620,145.5620,73.0040
92.4167,145.5980,145.5980,73.0040
92.5000,145.6160,145.6160,73.0040
92.5833,145.6520,145.6520,73.0040
92.6667,145.6700,145.6700,73.0040
92.7500,145.7060,145.7060,73.0040
92.8333,145.7240,145.7240,73.0040
92.9167,145.7600,145.7600,73.0040
93.0000,145.7780,145.7780,73.0040
93.0833,145.8140,145.8140,73.0040
93.1667,145.8320,145.8320,73.0040
93.2500,145.8680,145.8680,73.0040
93.3333,145.8860,145.9040,73.0040
93.4167,145.9220,145.9220,73.0040
93.5000,145.9580,145.9580,73.0040
93.5833,145.9760,145.9760,73.0040
93.6667,146.0120,146.0120,73.0040
93.7500,146.0300,146.0300,73.0040
93.8333,146.0660,146.0660,73.0040
93.9167,146.0840,146.0840,73.0040
94.0000,146.1200,146.1200,73.0040
94.0833,146.1380,146.1380,73.0040
94.1667,146.1740,146.1740,73.0040
94.2500,146.1920,146.1920,73.0040
94.3333,146.2280,146.2280,73.0040
94.4167,146.2460,146.2460,73.0040
94.5000,146.2820,146.2820,73.0040
94.5833,146.3000,146.3000,73.0040
94.6667,146.3360,146.3360,73.0040
94.7500,146.3540,146.3540,73.0040
94.8333,146.3900,146.3900,73.0040
94.9167,146.4080,146.4080,73.0040
95.0000,146.4440,146.4440,73.0040
95.0833,146.4620,146.4620,73.0040
95.1667,146.4980,146.4980,73.0040
95.2500,146.5160,146.5160,73.0040
95.3333,146.5520,146.5520,73.0040
95.4167,146.5700,146.5700,73.0040
95.5000,146.6060,146.6060,73.0040
95.5833,146.6240,146.6240,73.0040
95.6667,146.6600,146.6600,73.0040
95.7500,146.6780,146.6780,73.0040
95.8333,146.7140,146.7140,73.0040
95.9167,146.7320,146.7320,73.0040
96.0000,146.7500,146.7500,73.0040
96.0833,146.7860,146.7860,73.0040
96.1667,146.8040,146.8040,73.0040
96.2500,146.8400,146.8400,73.0040
96.3333,146.8580,146.8580,73.0040
96.4167,146.8940,146.8940,73.0040
96.5000,146.9120,146.9120,73.0040
96.5833,146.9480,146.9480,73.0040
96.6667,146.9660,146.9660,73.0040
96.7500,147.0020,147.0020,73.0040
96.8333,147.0200,147.0200,73.0040
96.9167,147.0560,147.0560,73.0040
97.0000,147.0740,147.0740,73.0040
97.0833,147.0920,147.0920,73.0040
97.1667,147.1280,147.1280,73.0040
97.2500,147.1460,147.1460,73.0040
97.3333,147.1820,147.1820,73.0040
97.4167,147.2000,147.2000,73.0040
97.5000,147.2360,147.2360,73.0040
97.5833,147.2540,147.2540,73.0040
97.6667,147.2900,147.2900,73.0040
97.7500,147.3080,147.3080,73.0040
97.8333,147.3260,147.3260,73.0040
97.9167,147.3620,147.3620,73.0040
98.0000,147.3800,147.3800,73.0040
98.0833,147.4160,147.4160,73.0040
98.1667,147.4340,147.4340,73.0040
98.2500,147.4700,147.4700,73.0040
98.3333,147.4880,147.4880,73.0040
98.4167,147.5060,147.5060,73.0040
98.5000,147.5420,147.5420,73.0040
98.5833,147.5600,147.5600,73.0040
98.6667,147.5960,147.5960,73.0040
98.7500,147.6140,147.6140,73.0040
98.8333,147.6500,147.6500,73.0040
98.9167,147.6680,147.6680,73.0040
99.0000,147.6860,147.6860,73.0040
99.0833,147.7220,147.7220,73.0040
99.1667,147.7400,147.7400,73.0040
99.2500,147.7760,147.7760,73.0040
99.3333,147.7940,147.7940,73.0040
99.4167,147.8120,147.8120,73.0040
99.5000,147.8480,147.8480,73.0040
99.5833,147.8660,147.8660,73.0040
99.6667,147.9020,147.9020,73.0040
99.7500,147.9200,147.9200,73.0040
99.8333,147.9380,147.9380,73.0040
99.9167,147.9740,147.9740,73.0040
100.0000,147.9920,147.9920,73.0040
100.0833,148.0280,148.0280,73.0040
100.1667,148.0460,148.0460,73.0040
100.2500,148.0640,148.0640,73.0040
100.3333,148.1000,148.1000,73.0040
100.4167,148.1180,148.1180,73.0040
100.5000,148.1540,148.1540,73.0040
100.5833,148.1720,148.1720,73.0040
100.6667,148.1900,148.1900,73.0040
100.7500,148.2260,148.2260,73.0040
100.8333,148.2440,148.2440,73.0040
100.9167,148.2620,148.2620,73.0040
101.0000,148.2980,148.2980,73.0040
101.0833,148.3160,148.3160,73.0040
101.1667,148.3520,148.3520,73.0040
101.2500,148.3700,148.3700,73.0040
101.3333,148.3880,148.3880,73.0040
101.4167,148.4240,148.4240,73.0040
101.5000,148.4420,148.4420,73.0040
101.5833,148.4600,148.4600,73.0040
101.6667,148.4960,148.4960,73.0040
101.7500,148.5140,148.5140,73.0040
101.8333,148.5320,148.5320,73.0040
101.9167,148.5680,148.5680,73.0040
102.0000,148.5860,148.5860,73.0040
102.0833,148.6220,148.6220,73.0040
102.1667,148.6400,148.6400,73.0040
102.2500,148.6580,148.6580,73.0040
102.3333,148.6940,148.6940,73.0040
102.4167,148.7120,148.7120,73.0040
102.5000,148.7300,148.7300,73.0040
102.5833,148.7660,148.7660,73.0040
102.6667,148.7840,148.7840,73.0040
102.7500,148.8020,148.8020,73.0040
102.8333,148.8380,148.8380,73.0040
102.9167,148.8560,148.8560,73.0040
103.0000,148.8740,148.8740,73.0040
103.0833,148.9100,148.9100,73.0040
103.1667,148.9280,148.9280,73.0040
103.2500,148.9460,148.9460,73.0040
103.3333,148.9820,148.9820,73.0040
103.4167,149.0000,149.0000,73.0040
103.5000,149.0180,149.0180,73.0040
103.5833,149.0540,149.0540,73.0040
103.6667,149.0720,149.0720,73.0040
103.7500,149.0900,149.0900,73.0040
103.8333,149.1260,149.1260,73.0040
103.9167,149.1440,149.1440,73.0040
104.0000,149.1620,149.1620,73.0040
104.0833,149.1980,149.1980,73.0040
104.1667,149.2160,149.2160,73.0040
104.2500,149.2340,149.2340,73.0040
104.3333,149.2700,149.2700,73.0040
104.4167,149.2880,149.2880,73.0040
104.5000,149.3060,149.3060,73.0040
104.5833,149.3420,149.3420,73.0040
104.6667,149.3600,149.3600,73.0040
104.7500,149.3780,149.3780,73.0040
104.8333,149.3960,149.3960,73.0040
104.9167,149.4320,149.4320,73.0040
105.0000,149.4500,149.4500,73.0040
105.0833,149.4680,149.4680,73.0040
105.1667,149.5040,149.5040,73.0040
105.2500,149.5220,149.5220,73.0040
105.3333,149.5400,149.5400,73.0040
105.4167,149.5760,149.5760,73.0040
105.5000,149.5940,149.5940,73.0040
105.5833,149.6120,149.6120,73.0040
105.6667,149.6300,149.6300,73.0040
105.7500,149.6660,149.6660,73.0040
105.8333,149.6840,149.6840,73.0040
105.9167,149.7020,149.7020,73.0040
106.0000,149.7380,149.7380,73.0040
106.0833,149.7560,149.7560,73.0040
106.1667,149.7740,149.7740,73.0040
106.2500,149.7920,149.8100,73.0040
106.3333,149.8280,149.8280,73.0040
106.4167,149.8460,149.8460,73.0040
106.5000,149.8640,149.8640,73.0040
106.5833,149.9000,149.9000,73.0040
106.6667,149.9180,149.9180,73.0040
106.7500,149.9360,149.9360,73.0040
106.8333,149.9540,149.9540,73.0040
106.9167,149.9900,149.9900,73.0040
107.0000,150.0080,150.0080,73.0040
107.0833,150.0260,150.0260,73.0040
107.1667,150.0620,150.0620,73.0040
107.2500,150.0800,150.0800,73.0040
107.3333,150.0980,150.0980,73.0040
107.4167,150.1160,150.1160,73.0040
107.5000,150.1520,150.1520,73.0040
107.5833,150.1700,150.1700,73.0040
107.6667,150.1880,150.1880,73.0040
107.7500,150.2060,150.2060,73.0040
107.8333,150.2420,150.2420,73.0040
107.9167,150.2600,150.2600,73.0040
108.0000,150.2780,150.2780,73.0040
108.0833,150.2960,150.2960,73.0040
108.1667,150.3320,150.3320,73.0040
108.2500,150.3500,150.3500,73.0040
108.3333,150.3680,150.3680,73.0040
108.4167,150.3860,150.3860,73.0040
108.5000,150.4220,150.4220,73.0040
108.5833,150.4400,150.4400,73.0040
108.6667,150.4580,150.4580,73.0040
108.7500,150.4760,150.4760,73.0040
108.8333,150.5120,150.5120,73.0040
108.9167,150.5300,150.5300,73.0040
109.0000,150.5480,150.5480,73.0040
109.0833,150.5660,150.5660,73.0040
109.1667,150.6020,150.6020,73.0040
109.2500,150.6200,150.6200,73.0040
109.3333,150.6380,150.6380,73.0040
109.4167,150.6560,150.6560,73.0040
109.5000,150.6920,150.6920,73.0040
109.5833,150.7100,150.7100,73.0040
109.6667,150.7280,150.7280,73.0040
109.7500,150.7460,150.7460,73.0040
109.8333,150.7640,150.7640,73.0040
109.9167,150.8000,150.8000,73.0040
110.0000,150.8180,150.8180,73.0040
110.0833,150.8360,150.8360,73.0040
110.1667,150.8540,150.8540,73.0040
110.2500,150.8900,150.8900,73.0040
110.3333,150.9080,150.9080,73.0040
110.4167,150.9260,150.9260,73.0040
110.5000,150.9440,150.9440,73.0040
110.5833,150.9620,150.9620,73.0040
110.6667,150.9980,150.9980,73.0040
110.7500,151.0160,151.0160,73.0040
110.8333,151.0340,151.0340,73.0040
110.9167,151.0520,151.0520,73.0040
111.0000,151.0880,151.0880,73.0040
111.0833,151.1060,151.1060,73.0040
111.1667,151.1240,151.1240,73.0040
111.2500,151.1420,151.1420,73.0040
111.3333,151.1600,151.1600,73.0040
111.4167,151.1960,151.1960,73.0040
111.5000,151.2140,151.2140,73.0040
111.5833,151.2320,151.2320,73.0040
111.6667,151.2500,151.2500,73.0040
111.7500,151.2680,151.2680,73.0040
111.8333,151.3040,151.3040,73.0040
111.9167,151.3220,151.3220,73.0040
112.0000,151.3400,151.3400,73.0040
112.0833,151.3580,151.3580,73.0040
112.1667,151.3760,151.3760,73.0040
112.2500,151.4120,151.4120,73.0040
112.3333,151.4300,151.4300,73.0040
112.4167,151.4480,151.4480,73.0040
112.5000,151.4660,151.4660,73.0040
112.5833,151.4840,151.4840,73.0040
112.6667,151.5020,151.5020,73.0040
112.7500,151.5380,151.5380,73.0040
112.8333,151.5560,151.5560,73.0040
112.9167,151.5740,151.5740,73.0040
113.0000,151.5920,151.5920,73.0040
113.0833,151.6100,151.6100,73.0040
113.1667,151.6460,151.6460,73.0040
113.2500,151.6640,151.6640,73.0040
113.3333,151.6820,151.6820,73.0040
113.4167,151.7000,151.7000,73.0040
113.5000,151.7180,151.7180,73.0040
113.5833,151.7360,151.7360,73.0040
113.6667,151.7720,151.7720,73.0040
113.7500,151.7900,151.7900,73.0040
113.8333,151.8080,151.8080,73.0040
113.9167,151.8260,151.8260,73.0040
114.0000,151.8440,151.8440,73.0040
114.0833,151.8620,151.8620,73.0040
114.1667,151.8980,151.8980,73.0040
114.2500,151.9160,151.9160,73.0040
114.3333,151.9340,151.9340,73.0040
114.4167,151.9520,151.9520,73.0040
114.5000,151.9700,151.9700,73.0040
114.5833,151.9880,151.9880,73.0040
114.6667,152.0240,152.0240,73.0040
114.7500,152.0420,152.0420,73.0040
114.8333,152.0600,152.0600,73.0040
114.9167,152.0780,152.0780,73.0040
115.0000,152.0960,152.0960,73.0040
115.0833,152.1140,152.1140,73.0040
115.1667,152.1320,152.1320,73.0040
115.2500,152.1680,152.1680,73.0040
115.3333,152.1860,152.1860,73.0040
115.4167,152.2040,152.2040,73.0040
115.5000,152.2220,152.2220,73.0040
115.5833,152.2400,152.2400,73.0040
115.6667,152.2580,152.2580,73.0040
115.7500,152.2760,152.2760,73.0040
115.8333,152.3120,152.3120,73.0040
115.9167,152.3300,152.3300,73.0040
116.0000,152.3480,152.3480,73.0040
116.0833,152.3660,152.3660,73.0040
116.1667,152.3840,152.3840,73.0040
116.2500,152.4020,152.4020,73.0040
116.3333,152.4200,152.4200,73.0040
116.4167,152.4560,152.4560,73.0040
116.5000,152.4740,152.4740,73.0040
116.5833,152.4920,152.4920,73.0040
116.6667,152.5100,152.5100,73.0040
116.7500,152.5280,152.5280,73.0040
116.8333,152.5460,152.5460,73.0040
116.9167,152.5640,152.5640,73.0040
117.0000,152.5820,152.5820,73.0040
117.0833,152.6180,152.6180,73.0040
117.1667,152.6360,152.6360,73.0040
117.2500,152.6540,152.6540,73.0040
117.3333,152.6720,152.6720,73.0040
117.4167,152.6900,152.6900,73.0040
117.5000,152.7080,152.7080,73.0040
117.5833,152.7260,152.7260,73.0040
117.6667,152.7440,152.7440,73.0040
117.7500,152.7620,152.7800,73.0040
117.8333,152.7980,152.7980,73.0040
117.9167,152.8160,152.8160,73.0040
118.0000,152.8340,152.8340,73.0040
118.0833,152.8520,152.8520,73.0040
118.1667,152.8700,152.8700,73.0040
118.2500,152.8880,152.8880,73.0040
118.3333,152.9060,152.9060,73.0040
118.4167,152.9240,152.9240,73.0040
118.5000,152.9420,152.9420,73.0040
118.5833,152.9780,152.9780,73.0040
118.6667,152.9960,152.9960,73.0040
118.7500,153.0140,153.0140,73.0040
118.8333,153.0320,153.0320,73.0040
118.9167,153.0500,153.0500,73.0040
119.0000,153.0680,153.0680,73.0040
119.0833,153.0860,153.0860,73.0040
119.1667,153.1040,153.1040,73.0040
119.2500,153.1220,153.1220,73.0040
119.3333,153.1400,153.1400,73.0040
119.4167,153.1760,153.1760,73.0040
119.5000,153.1940,153.1940,73.0040
119.5833,153.2120,153.2120,73.0040
119.6667,153.2300,153.2300,73.0040
119.7500,153.2480,153.2480,73.0040
119.8333,153.2660,153.2660,73.0040
119.9167,153.2840,153.2840,73.0040
120.0000,153.3020,153.3020,73.0040
120.0833,153.3200,153.3200,73.0040
120.1667,153.3380,153.3380,73.0040
120.2500,153.3560,153.3560,73.0040
120.3333,153.3740,153.3740,73.0040
120.4167,153.4100,153.4100,73.0040
120.5000,153.4280,153.4280,73.0040
120.5833,153.4460,153.4460,73.0040
120.6667,153.4640,153.4640,73.0040
120.7500,153.4820,153.4820,73.0040
120.8333,153.5000,153.5000,73.0040
120.9167,153.5180,153.5180,73.0040
121.0000,153.5360,153.5360,73.0040
121.0833,153.5540,153.5540,73.0040
121.1667,153.5720,153.5720,73.0040
121.2500,153.5900,153.5900,73.0040
121.3333,153.6080,153.6080,73.0040
121.4167,153.6260,153.6260,73.0040
121.5000,153.6440,153.6620,73.0040
121.5833,153.6800,153.6800,73.0040
121.6667,153.6980,153.6980,73.0040
121.7500,153.7160,153.7160,73.0040
121.8333,153.7340,153.7340,73.0040
121.9167,153.7520,153.7520,73.0040
122.0000,153.7700,153.7700,73.0040
122.0833,153.7880,153.7880,73.0040
122.1667,153.8060,153.8060,73.0040
122.2500,153.8240,153.8240,73.0040
122.3333,153.8420,153.8420,73.0040
122.4167,153.8600,153.8600,73.0040
122.5000,153.8780,153.8780,73.0040
122.5833,153.8960,153.8960,73.0040
122.6667,153.9140,153.9140,73.0040
122.7500,153.9320,153.9320,73.0040
122.8333,153.9500,153.9500,73.0040
122.9167,153.9680,153.9680,73.0040
123.0000,153.9860,154.0040,73.0040
123.0833,154.0220,154.0220,73.0040
123.1667,154.0400,154.0400,73.0040
123.2500,154.0580,154.0580,73.0040
123.3333,154.0760,154.0760,73.0040
123.4167,154.0940,154.0940,73.0040
123.5000,154.1120,154.1120,73.0040
123.5833,154.1300,154.1300,73.0040
123.6667,154.1480,154.1480,73.0040
123.7500,154.1660,154.1660,73.0040
123.8333,154.1840,154.1840,73.0040
123.9167,154.2020,154.2020,73.0040
124.0000,154.2200,154.2200,73.0040
124.0833,154.2380,154.2380,73.0040
124.1667,154.2560,154.2560,73.0040
124.2500,154.2740,154.2740,73.0040
124.3333,154.2920,154.2920,73.0040
124.4167,154.3100,154.3100,73.0040
124.5000,154.3280,154.3280,73.0040
124.5833,154.3460,154.3460,73.0040
124.6667,154.3640,154.3640,73.0040
124.7500,154.3820,154.3820,73.0040
124.8333,154.4000,154.4000,73.0040
124.9167,154.4180,154.4180,73.0040
125.0000,154.4360,154.4360,73.0040
125.0833,154.4540,154.4540,73.0040
125.1667,154.4720,154.4720,73.0040
125.2500,154.4900,154.4900,73.0040
125.3333,154.5080,154.5080,73.0040
125.4167,154.5260,154.5260,73.0040
125.5000,154.5440,154.5440,73.0040
125.5833,154.5620,154.5620,73.0040
125.6667,154.5800,154.5800,73.0040
125.7500,154.5980,154.6160,73.0040
125.8333,154.6160,154.6340,73.0040
125.9167,154.6340,154.6520,73.0040
126.0000,154.6520,154.6700,73.0040
126.0833,154.6700,154.6880,73.0040
126.1667,154.7060,154.7060,73.0040
126.2500,154.7240,154.7240,73.0040
126.3333,154.7420,154.7420,73.0040
126.4167,154.7600,154.7600,73.0040
126.5000,154.7780,154.7780,73.0040
126.5833,154.7960,154.7960,73.0040
126.6667,154.8140,154.8140,73.0040
126.7500,154.8320,154.8320,73.0040
126.8333,154.8500,154.8500,73.0040
126.9167,154.8680,154.8680,73.0040
127.0000,154.8860,154.8860,73.0040
127.0833,154.9040,154.9040,73.0040
127.1667,154.9220,154.9220,73.0040
127.2500,154.9400,154.9400,73.0040
127.3333,154.9580,154.9580,73.0040
127.4167,154.9760,154.9760,73.0040
127.5000,154.9940,154.9940,73.0040
127.5833,155.0120,155.0120,73.0040
127.6667,155.0300,155.0300,73.0040
127.7500,155.0480,155.0480,73.0040
127.8333,155.0480,155.0660,73.0040
127.9167,155.0660,155.0840,73.0040
128.0000,155.0840,155.1020,73.0040
128.0833,155.1020,155.1200,73.0040
128.1667,155.1200,155.1380,73.0040
128.2500,155.1380,155.1380,73.0040
128.3333,155.1560,155.1560,73.0040
128.4167,155.1740,155.1740,73.0040
128.5000,155.1920,155.1920,73.0040
128.5833,155.2100,155.2100,73.0040
128.6667,155.2280,155.2280,73.0040
128.7500,155.2460,155.2460,73.0040
128.8333,155.2640,155.2640,73.0040
128.9167,155.2820,155.2820,73.0040
129.0000,155.3000,155.3000,73.0040
129.0833,155.3180,155.3180,73.0040
129.1667,155.3360,155.3360,73.0040
129.2500,155.3540,155.3540,73.0040
129.3333,155.3720,155.3720,73.0040
129.4167,155.3900,155.3900,73.0040
129.5000,155.4080,155.4080,73.0040
129.5833,155.4260,155.4260,73.0040
129.6667,155.4440,155.4440,73.0040
129.7500,155.4620,155.4620,73.0040
129.8333,155.4800,155.4800,73.0040
129.9167,155.4980,155.4980,73.0040
130.0000,155.5160,155.5160,73.0040
130.0833,155.5340,155.5340,73.0040
130.1667,155.5520,155.5520,73.0040
130.2500,155.5700,155.5700,73.0040
130.3333,155.5880,155.5880,73.0040
130.4167,155.6060,155.6060,73.0040
130.5000,155.6240,155.6240,73.0040
130.5833,155.6420,155.6420,73.0040
130.6667,155.6600,155.6600,73.0040
130.7500,155.6780,155.6780,73.0040
130.8333,155.6960,155.6960,73.0040
130.9167,155.6960,155.7140,73.0040
131.0000,155.7140,155.7320,73.0040
131.0833,155.7320,155.7320,73.0040
131.1667,155.7500,155.7500,73.0040
131.2500,155.7680,155.7680,73.0040
131.3333,155.7860,155.7860,73.0040
131.4167,155.8040,155.8040,73.0040
131.5000,155.8220,155.8220,73.0040
131.5833,155.8400,155.8400,73.0040
131.6667,155.8580,155.8580,73.0040
131.7500,155.8760,155.8760,73.0040
131.8333,155.8940,155.8940,73.0040
131.9167,155.9120,155.9120,73.0040
132.0000,155.9300,155.9300,73.0040
132.0833,155.9480,155.9480,73.0040
132.1667,155.9660,155.9660,73.0040
132.2500,155.9840,155.9840,73.0040
132.3333,156.0020,156.0020,73.0040
132.4167,156.0200,156.0200,73.0040
132.5000,156.0380,156.0380,73.0040
132.5833,156.0380,156.0560,73.0040
132.6667,156.0560,156.0560,73.0040
132.7500,156.0740,156.0740,73.0040
132.8333,156.0920,156.0920,73.0040
132.9167,156.1100,156.1100,73.0040
133.0000,156.1280,156.1280,73.0040
133.0833,156.1460,156.1460,73.0040
133.1667,156.1640,156.1640,73.0040
133.2500,156.1820,156.1820,73.0040
133.3333,156.2000,156.2000,73.0040
133.4167,156.2180,156.2180,73.0040
133.5000,156.2360,156.2360,73.0040
133.5833,156.2540,156.2540,73.0040
133.6667,156.2720,156.2720,73.0040
133.7500,156.2900,156.2900,73.0040
133.8333,156.2900,156.3080,73.0040
133.9167,156.3080,156.3080,73.0040
134.0000,156.3260,156.3260,73.0040
134.0833,156.3440,156.3440,73.0040
134.1667,156.3620,156.3620,73.0040
134.2500,156.3800,156.3800,73.0040
134.3333,156.3980,156.3980,73.0040
134.4167,156.4160,156.4160,73.0040
134.5000,156.4340,156.4340,73.0040
134.5833,156.4520,156.4520,73.0040
134.6667,156.4700,156.4700,73.0040
134.7500,156.4880,156.4880,73.0040
134.8333,156.4880,156.5060,73.0040
134.9167,156.5060,156.5060,73.0040
135.0000,156.5240,156.5240,73.0040
135.0833,156.5420,156.5420,73.0040
135.1667,156.5600,156.5600,73.0040
135.2500,156.5780,156.5780,73.0040
135.3333,156.5960,156.5960,73.0040
135.4167,156.6140,156.6140,73.0040
135.5000,156.6320,156.6320,73.0040
135.5833,156.6500,156.6500,73.0040
135.6667,156.6680,156.6680,73.0040
135.7500,156.6860,156.6860,73.0040
135.8333,156.6860,156.7040,73.0040
135.9167,156.7040,156.7040,73.0040
136.0000,156.7220,156.7220,73.0040
136.0833,156.7400,156.7400,73.0040
136.1667,156.7580,156.7580,73.0040
136.2500,156.7760,156.7760,73.0040
136.3333,156.7940,156.7940,73.0040
136.4167,156.8120,156.8120,73.0040
136.5000,156.8300,156.8300,73.0040
136.5833,156.8480,156.8480,73.0040
136.6667,156.8480,156.8660,73.0040
136.7500,156.8660,156.8660,73.0040
136.8333,156.8840,156.8840,73.0040
136.9167,156.9020,156.9020,73.0040
137.0000,156.9200,156.9200,73.0040
137.0833,156.9380,156.9380,73.0040
137.1667,156.9560,156.9560,73.0040
137.2500,156.9740,156.9740,73.0040
137.3333,156.9920,156.9920,73.0040
137.4167,157.0100,157.0100,73.0040
137.5000,157.0100,157.0100,73.0040
137.5833,157.0280,157.0280,73.0040
137.6667,157.0460,157.0460,73.0040
137.7500,157.0640,157.0640,73.0040
137.8333,157.0820,157.0820,73.0040
137.9167,157.1000,157.1000,73.0040
138.0000,157.1180,157.1180,73.0040
138.0833,157.1360,157.1360,73.0040
138.1667,157.1360,157.1540,73.0040
138.2500,157.1540,157.1540,73.0040
138.3333,157.1720,157.1720,73.0040
138.4167,157.1900,157.1900,73.0040
138.5000,157.2080,157.2080,73.0040
138.5833,157.2260,157.2260,73.0040
138.6667,157.2440,157.2440,73.0040
138.7500,157.2620,157.2620,73.0040
138.8333,157.2800,157.2800,73.0040
138.9167,157.2800,157.2980,73.0040
139.0000,157.2980,157.2980,73.0040
139.0833,157.3160,157.3160,73.0040
139.1667,157.3340,157.3340,73.0040
139.2500,157.3520,157.3520,73.0040
139.3333,157.3700,157.3700,73.0040
139.4167,157.3880,157.3880,73.0040
139.5000,157.4060,157.4060,73.0040
139.5833,157.4060,157.4240,73.0040
139.6667,157.4240,157.4240,73.0040
139.7500,157.4420,157.4420,73.0040
139.8333,157.4600,157.4600,73.0040
139.9167,157.4780,157.4780,73.0040
140.0000,157.4960,157.4960,73.0040
140.0833,157.5140,157.5140,73.0040
140.1667,157.5140,157.5320,73.0040
140.2500,157.5320,157.5320,73.0040
140.3333,157.5500,157.5500,73.0040
140.4167,157.5680,157.5680,73.0040
140.5000,157.5860,157.5860,73.0040
140.5833,157.6040,157.6040,73.0040
140.6667,157.6220,157.6220,73.0040
140.7500,157.6400,157.6400,73.0040
140.8333,157.6400,157.6580,73.0040
140.9167,157.6580,157.6580,73.0040
141.0000,157.6760,157.6760,73.0040
141.0833,157.6940,157.6940,73.0040
141.1667,157.7120,157.7120,73.0040
141.2500,157.7300,157.7300,73.0040
141.3333,157.7480,157.7480,73.0040
141.4167,157.7480,157.7660,73.0040
141.5000,157.7660,157.7660,73.0040
141.5833,157.7840,157.7840,73.0040
141.6667,157.8020,157.8020,73.0040
141.7500,157.8200,157.8200,73.0040
141.8333,157.8380,157.8380,73.0040
141.9167,157.8380,157.8560,73.0040
142.0000,157.8560,157.8560,73.0040
142.0833,157.8740,157.8740,73.0040
142.1667,157.8920,157.8920,73.0040
142.2500,157.9100,157.9100,73.0040
142.3333,157.9280,157.9280,73.0040
142.4167,157.9460,157.9460,73.0040
142.5000,157.9460,157.9640,73.0040
142.5833,157.9640,157.9640,73.0040
142.6667,157.9820,157.9820,73.0040
142.7500,158.0000,158.0000,73.0040
142.8333,158.0180,158.0180,73.0040
142.9167,158.0360,158.0360,73.0040
143.0000,158.0360,158.0540,73.0040
143.0833,158.0540,158.0540,73.0040
143.1667,158.0720,158.0720,73.0040
143.2500,158.0900,158.0900,73.0040
143.3333,158.1080,158.1080,73.0040
143.4167,158.1260,158.1260,73.0040
143.5000,158.1440,158.1440,73.0040
143.5833,158.1440,158.1440,73.0040
143.6667,158.1620,158.1620,73.0040
143.7500,158.1800,158.1800,73.0040
143.8333,158.1980,158.1980,73.0040
143.9167,158.2160,158.2160,73.0040
144.0000,158.2340,158.2340,73.0040
144.0833,158.2340,158.2340,73.0040
144.1667,158.2520,158.2520,73.0040
144.2500,158.2700,158.2700,73.0040
144.3333,158.2880,158.2880,73.0040
144.4167,158.3060,158.3060,73.0040
144.5000,158.3060,158.3240,73.0040
144.5833,158.3240,158.3240,73.0040
144.6667,158.3420,158.3420,73.0040
144.7500,158.3600,158.3600,73.0040
144.8333,158.3780,158.3780,73.0040
144.9167,158.3960,158.3960,73.0040
145.0000,158.3960,158.4140,73.0040
145.0833,158.4140,158.4140,73.0040
145.1667,158.4320,158.4320,73.0040
145.2500,158.4500,158.4500,73.0040
145.3333,158.4680,158.4680,73.0040
145.4167,158.4860,158.4860,73.0040
145.5000,158.4860,158.5040,73.0040
145.5833,158.5040,158.5040,73.0040
145.6667,158.5220,158.5220,73.0040
145.7500,158.5400,158.5400,73.0040
145.8333,158.5580,158.5580,73.0040
145.9167,158.5580,158.5760,73.0040
146.0000,158.5760,158.5760,73.0040
146.0833,158.5940,158.5940,73.0040
146.1667,158.6120,158.6120,73.0040
146.2500,158.6300,158.6300,73.0040
146.3333,158.6480,158.6480,73.0040
146.4167,158.6480,158.6480,73.0040
146.5000,158.6660,158.6660,73.0040
146.5833,158.6840,158.6840,73.0040
146.6667,158.7020,158.7020,73.0040
146.7500,158.7200,158.7200,73.0040
146.8333,158.7200,158.7380,73.0040
146.9167,158.7380,158.7380,73.0040
147.0000,158.7560,158.7560,73.0040
147.0833,158.7740,158.7740,73.0040
147.1667,158.7920,158.7920,73.0040
147.2500,158.7920,158.8100,73.0040
147.3333,158.8100,158.8100,73.0040
147.4167,158.8280,158.8280,73.0040
147.5000,158.8460,158.8460,73.0040
147.5833,158.8640,158.8640,73.0040
147.6667,158.8640,158.8820,73.0040
147.7500,158.8820,158.8820,73.0040
147.8333,158.9000,158.9000,73.0040
147.9167,158.9180,158.9180,73.0040
148.0000,158.9360,158.9360,73.0040
148.0833,158.9360,158.9540,73.0040
148.1667,158.9540,158.9540,73.0040
148.2500,158.9720,158.9720,73.0040
148.3333,158.9900,158.9900,73.0040
148.4167,159.0080,159.0080,73.0040
148.5000,159.0080,159.0260,73.0040
148.5833,159.0260,159.0260,73.0040
148.6667,159.0440,159.0440,73.0040
148.7500,159.0620,159.0620,73.0040
148.8333,159.0800,159.0800,73.0040
148.9167,159.0800,159.0980,73.0040
149.0000,159.0980,159.0980,73.0040
149.0833,159.1160,159.1160,73.0040
149.1667,159.1340,159.1340,73.0040
149.2500,159.1520,159.1520,73.0040
149.3333,159.1520,159.1520,73.0040
149.4167,159.1700,159.1700,73.0040
149.5000,159.1880,159.1880,73.0040
149.5833,159.2060,159.2060,73.0040
149.6667,159.2060,159.2240,73.0040
149.7500,159.2240,159.2240,73.0040
149.8333,159.2420,159.2420,73.0040
149.9167,159.2600,159.2600,73.0040
150.0000,159.2780,159.2780,73.0040
150.0833,159.2780,159.2960,73.0040
150.1667,159.2960,159.2960,73.0040
150.2500,159.3140,159.3140,73.0040
150.3333,159.3320,159.3320,73.0040
150.4167,159.3320,159.3500,73.0040
150.5000,159.3500,159.3500,73.0040
150.5833,159.3680,159.3680,73.0040
150.6667,159.3860,159.3860,73.0040
150.7500,159.4040,159.4040,73.0040
150.8333,159.4040,159.4220,73.0040
150.9167,159.4220,159.4220,73.0040
151.0000,159.4400,159.4400,73.0040
151.0833,159.4580,159.4580,73.0040
151.1667,159.4580,159.4760,73.0040
151.2500,159.4760,159.4760,73.0040
151.3333,159.4940,159.4940,73.0040
151.4167,159.5120,159.5120,73.0040
151.5000,159.5300,159.5300,73.0040
151.5833,159.5300,159.5480,73.0040
151.6667,159.5480,159.5480,73.0040
151.7500,159.5660,159.5660,73.0040
151.8333,159.5840,159.5840,73.0040
151.9167,159.5840,159.6020,73.0040
152.0000,159.6020,159.6020,73.0040
152.0833,159.6200,159.6200,73.0040
152.1667,159.6380,159.6380,73.0040
152.2500,159.6380,159.6560,73.0040
152.3333,159.6560,159.6560,73.0040
152.4167,159.6740,159.6740,73.0040
152.5000,159.6920,159.6920,73.0040
152.5833,159.7100,159.7100,73.0040
152.6667,159.7100,159.7280,73.0040
152.7500,159.7280,159.7280,73.0040
152.8333,159.7460,159.7460,73.0040
152.9167,159.7640,159.7640,73.0040
153.0000,159.7640,159.7820,73.0040
153.0833,159.7820,159.7820,73.0040
153.1667,159.8000,159.8000,73.0040
153.2500,159.8180,159.8180,73.0040
153.3333,159.8180,159.8360,73.0040
153.4167,159.8360,159.8360,73.0040
153.5000,159.8540,159.8540,73.0040
153.5833,159.8720,159.8720,73.0040
153.6667,159.8720,159.8900,73.0040
153.7500,159.8900,159.8900,73.0040
153.8333,159.9080,159.9080,73.0040
153.9167,159.9260,159.9260,73.0040
154.0000,159.9260,159.9440,73.0040
154.0833,159.9440,159.9440,73.0040
154.1667,159.9620,159.9620,73.0040
154.2500,159.9800,159.9800,73.0040
154.3333,159.9800,159.9980,73.0040
154.4167,159.9980,159.9980,73.0040
154.5000,160.0160,160.0160,73.0040
154.5833,160.0340,160.0340,73.0040
154.6667,160.0340,160.0520,73.0040
154.7500,160.0520,160.0520,73.0040
154.8333,160.0700,160.0700,73.0040
154.9167,160.0880,160.0880,73.0040
155.0000,160.0880,160.1060,73.0040
155.0833,160.1060,160.1060,73.0040
155.1667,160.1240,160.1240,73.0040
155.2500,160.1420,160.1420,73.0040
155.3333,160.1420,160.1600,73.0040
155.4167,160.1600,160.1600,73.0040
155.5000,160.1780,160.1780,73.0040
155.5833,160.1960,160.1960,73.0040
155.6667,160.1960,160.2140,73.0040
155.7500,160.2140,160.2140,73.0040
155.8333,160.2320,160.2320,73.0040
155.9167,160.2500,160.2500,73.0040
156.0000,160.2500,160.2680,73.0040
156.0833,160.2680,160.2680,73.0040
156.1667,160.2860,160.2860,73.0040
156.2500,160.3040,160.3040,73.0040
156.3333,160.3040,160.3040,73.0040
156.4167,160.3220,160.3220,73.0040
156.5000,160.3400,160.3400,73.0040
156.5833,160.3400,160.3580,73.0040
156.6667,160.3580,160.3580,73.0040
156.7500,160.3760,160.3760,73.0040
156.8333,160.3940,160.3940,73.0040
156.9167,160.3940,160.4120,73.0040
157.0000,160.4120,160.4120,73.0040
157.0833,160.4300,160.4300,73.0040
157.1667,160.4480,160.4480,73.0040
157.2500,160.4480,160.4660,73.0040
157.3333,160.4660,160.4660,73.0040
157.4167,160.4840,160.4840,73.0040
157.5000,160.4840,160.5020,73.0040
157.5833,160.5020,160.5020,73.0040
157.6667,160.5200,160.5200,73.0040
157.7500,160.5380,160.5380,73.0040
157.8333,160.5380,160.5560,73.0040
157.9167,160.5560,160.5560,73.0040
158.0000,160.5740,160.5740,73.0040
158.0833,160.5920,160.5920,73.0040
158.1667,160.5920,160.6100,73.0040
158.2500,160.6100,160.6100,73.0040
158.3333,160.6280,160.6280,73.0040
158.4167,160.6280,160.6460,73.0040
158.5000,160.6460,160.6460,73.0040
158.5833,160.6640,160.6640,73.0040
158.6667,160.6820,160.6820,73.0040
158.7500,160.6820,160.7000,73.0040
158.8333,160.7000,160.7000,73.0040
158.9167,160.7180,160.7180,73.0040
159.0000,160.7180,160.7360,73.0040
159.0833,160.7360,160.7360,73.0040
159.1667,160.7540,160.7540,73.0040
159.2500,160.7720,160.7720,73.0040
159.3333,160.7720,160.7900,73.0040
159.4167,160.7900,160.7900,73.0040
159.5000,160.8080,160.8080,73.0040
159.5833,160.8080,160.8260,73.0040
159.6667,160.8260,160.8260,73.0040
159.7500,160.8440,160.8440,73.0040
159.8333,160.8620,160.8620,73.0040
159.9167,160.8620,160.8800,73.0040
160.0000,160.8800,160.8800,73.0040
160.0833,160.8980,160.8980,73.0040
160.1667,160.8980,160.9160,73.0040
160.2500,160.9160,160.9160,73.0040
160.3333,160.9340,160.9340,73.0040
160.4167,160.9520,160.9520,73.0040
160.5000,160.9520,160.9700,73.0040
160.5833,160.9700,160.9700,73.0040
160.6667,160.9880,160.9880,73.0040
160.7500,160.9880,161.0060,73.0040
160.8333,161.0060,161.0060,73.0040
160.9167,161.0240,161.0240,73.0040
161.0000,161.0420,161.0420,73.0040
161.0833,161.0420,161.0600,73.0040
161.1667,161.0600,161.0600,73.0040
161.2500,161.0780,161.0780,73.0040
161.3333,161.0780,161.0960,73.0040
161.4167,161.0960,161.0960,73.0040
161.5000,161.1140,161.1140,73.0040
161.5833,161.1140,161.1320,73.0040
161.6667,161.1320,161.1320,73.0040
161.7500,161.1500,161.1500,73.0040
161.8333,161.1680,161.1680,73.0040
161.9167,161.1680,161.1860,73.0040
162.0000,161.1860,161.1860,73.0040
162.0833,161.2040,161.2040,73.0040
162.1667,161.2040,161.2220,73.0040
162.2500,161.2220,161.2220,73.0040
162.3333,161.2400,161.2400,73.0040
162.4167,161.2400,161.2580,73.0040
162.5000,161.2580,161.2580,73.0040
162.5833,161.2760,161.2760,73.0040
162.6667,161.2760,161.2940,73.0040
162.7500,161.2940,161.2940,73.0040
162.8333,161.3120,161.3120,73.0040
162.9167,161.3300,161.3300,73.0040
163.0000,161.3300,161.3480,73.0040
163.0833,161.3480,161.3480,73.0040
163.1667,161.3660,161.3660,73.0040
163.2500,161.3660,161.3840,73.0040
163.3333,161.3840,161.3840,73.0040
163.4167,161.4020,161.4020,73.0040
163.5000,161.4020,161.4200,73.0040
163.5833,161.4200,161.4200,73.0040
163.6667,161.4380,161.4380,73.0040
163.7500,161.4380,161.4560,73.0040
163.8333,161.4560,161.4560,73.0040
163.9167,161.4740,161.4740,73.0040
164.0000,161.4740,161.4920,73.0040
164.0833,161.4920,161.4920,73.0040
164.1667,161.5100,161.5100,73.0040
164.2500,161.5280,161.5280,73.0040
164.3333,161.5280,161.5460,73.0040
164.4167,161.5460,161.5460,73.0040
164.5000,161.5640,161.5640,73.0040
164.5833,161.5640,161.5820,73.0040
164.6667,161.5820,161.5820,73.0040
164.7500,161.6000,161.6000,73.0040
164.8333,161.6000,161.6180,73.0040
164.9167,161.6180,161.6180,73.0040
165.0000,161.6360,161.6360,73.0040
165.0833,161.6360,161.6540,73.0040
165.1667,161.6540,161.6540,73.0040
165.2500,161.6720,161.6720,73.0040
165.3333,161.6720,161.6900,73.0040
165.4167,161.6900,161.6900,73.0040
165.5000,161.7080,161.7080,73.0040
165.5833,161.7080,161.7260,73.0040
165.6667,161.7260,161.7260,73.0040
165.7500,161.7440,161.7440,73.0040
165.8333,161.7440,161.7620,73.0040
165.9167,161.7620,161.7620,73.0040
166.0000,161.7800,161.7800,73.0040
166.0833,161.7800,161.7980,73.0040
166.1667,161.7980,161.7980,73.0040
166.2500,161.8160,161.8160,73.0040
166.3333,161.8160,161.8340,73.0040
166.4167,161.8340,161.8340,73.0040
166.5000,161.8520,161.8520,73.0040
166.5833,161.8520,161.8700,73.0040
166.6667,161.8700,161.8700,73.0040
166.7500,161.8880,161.8880,73.0040
166.8333,161.8880,161.9060,73.0040
166.9167,161.9060,161.9060,73.0040
167.0000,161.9240,161.9240,73.0040
167.0833,161.9240,161.9420,73.0040
167.1667,161.9420,161.9420,73.0040
167.2500,161.9600,161.9600,73.0040
167.3333,161.9600,161.9780,73.0040
167.4167,161.9780,161.9780,73.0040
167.5000,161.9960,161.9960,73.0040
167.5833,161.9960,162.0140,73.0040
167.6667,162.0140,162.0140,73.0040
167.7500,162.0320,162.0320,73.0040
167.8333,162.0320,162.0500,73.0040
167.9167,162.0500,162.0500,73.0040
168.0000,162.0680,162.0680,73.0040
